{
  "timelineObjects" : [ {
    "placeVisit" : {
      "location" : {
        "latitudeE7" : 483115142,
        "longitudeE7" : 142989012,
        "placeId" : "ChIJHYbwtieYc0cRUXKt_VRBJ3o",
        "address" : "factory300, Peter-Behrens-Platz 10, Innenstadt 4020 Linz, Austria",
        "name" : "factory300",
        "semanticType" : "TYPE_WORK",
        "sourceInfo" : {
          "deviceTag" : 1208113453
        },
        "locationConfidence" : 91.24224
      },
      "duration" : {
        "startTimestampMs" : "1631535392519",
        "endTimestampMs" : "1632255787511"
      },
      "placeConfidence" : "HIGH_CONFIDENCE",
      "centerLatE7" : 483122589,
      "centerLngE7" : 143001182,
      "visitConfidence" : 95,
      "otherCandidateLocations" : [ {
        "latitudeE7" : 483117654,
        "longitudeE7" : 142989306,
        "placeId" : "ChIJwQJoNiaYc0cRI4ezDbK8Xrk",
        "locationConfidence" : 4.43138
      }, {
        "latitudeE7" : 483121420,
        "longitudeE7" : 143006111,
        "placeId" : "ChIJ-V7XVyaYc0cRvWHfZO7pBSk",
        "locationConfidence" : 0.14823867
      }, {
        "latitudeE7" : 483128663,
        "longitudeE7" : 142948336,
        "placeId" : "ChIJD0mK-iiYc0cRUXD-TEUYoYY",
        "locationConfidence" : 0.028500447
      }, {
        "latitudeE7" : 483103637,
        "longitudeE7" : 142989795,
        "placeId" : "ChIJoTJg2ieYc0cR82jw0uD1r2E",
        "locationConfidence" : 0.02712732
      } ],
      "editConfirmationStatus" : "NOT_CONFIRMED"
    }
  } ]
}