{
  "timelineObjects" : [ {
    "placeVisit" : {
      "location" : {
        "latitudeE7" : 483115142,
        "longitudeE7" : 142989012,
        "placeId" : "ChIJHYbwtieYc0cRUXKt_VRBJ3o",
        "address" : "factory300, Peter-Behrens-Platz 10, Innenstadt 4020 Linz, Austria",
        "name" : "factory300",
        "semanticType" : "TYPE_WORK",
        "sourceInfo" : {
          "deviceTag" : 1208113453
        },
        "locationConfidence" : 92.53956
      },
      "duration" : {
        "startTimestampMs" : "1628242740257",
        "endTimestampMs" : "1628672324081"
      },
      "placeConfidence" : "HIGH_CONFIDENCE",
      "centerLatE7" : 483122682,
      "centerLngE7" : 143000800,
      "visitConfidence" : 95,
      "otherCandidateLocations" : [ {
        "latitudeE7" : 483117654,
        "longitudeE7" : 142989306,
        "placeId" : "ChIJwQJoNiaYc0cRI4ezDbK8Xrk",
        "locationConfidence" : 2.0173788
      }, {
        "latitudeE7" : 483122447,
        "longitudeE7" : 143001924,
        "placeId" : "ChIJsV_GUCaYc0cRJbqxWki7qRU",
        "semanticType" : "TYPE_SEARCHED_ADDRESS",
        "locationConfidence" : 1.6146487
      }, {
        "latitudeE7" : 483121420,
        "longitudeE7" : 143006111,
        "placeId" : "ChIJ-V7XVyaYc0cRvWHfZO7pBSk",
        "locationConfidence" : 0.12752067
      }, {
        "latitudeE7" : 483120613,
        "longitudeE7" : 143020691,
        "placeId" : "ChIJ7UbD5yaYc0cRhMpT8tkMo-Y",
        "locationConfidence" : 0.03457488
      } ],
      "editConfirmationStatus" : "NOT_CONFIRMED"
    }
  } ]
}