{
  "timelineObjects" : [ {
    "placeVisit" : {
      "location" : {
        "latitudeE7" : 557906036,
        "longitudeE7" : 377470976,
        "placeId" : "ChIJHddnA50stUYRcGO1wujd5gA",
        "address" : "Измайловское шоссе, 71 корпус 3В, Москва, Россия, 105613",
        "name" : "Вега Измайлово Отель и Конгресс-Центр",
        "sourceInfo" : {
          "deviceTag" : -507012266
        },
        "locationConfidence" : 98.876625
      },
      "duration" : {
        "startTimestampMs" : "1504725441712",
        "endTimestampMs" : "1504727022358"
      },
      "placeConfidence" : "HIGH_CONFIDENCE",
      "centerLatE7" : 557907433,
      "centerLngE7" : 377466541,
      "visitConfidence" : 92,
      "otherCandidateLocations" : [ {
        "latitudeE7" : 557905235,
        "longitudeE7" : 377473068,
        "placeId" : "ChIJJWGEeSI1tUYRwO17U0D5ebA",
        "locationConfidence" : 0.49152
      }, {
        "latitudeE7" : 559499043,
        "longitudeE7" : 372955449,
        "placeId" : "ChIJ0ak2zwY_tUYRM5eyWITeJFo",
        "name" : "Russian International Academy of Tourism",
        "locationConfidence" : 0.20563717
      }, {
        "latitudeE7" : 557907258,
        "longitudeE7" : 377466058,
        "placeId" : "ChIJK775ghg1tUYR4pEN6jnIKQk",
        "locationConfidence" : 0.025737321
      }, {
        "latitudeE7" : 557949878,
        "longitudeE7" : 377503526,
        "placeId" : "ChIJi-5IFB81tUYR5-IJ7JbQudQ",
        "name" : "Кремль в Измайлово",
        "locationConfidence" : 0.020021431
      }, {
        "latitudeE7" : 557883754,
        "longitudeE7" : 377493691,
        "placeId" : "ChIJi2F4AiM1tUYRpnLI4etgrMc",
        "name" : "Partizanskaya",
        "locationConfidence" : 0.016596727
      }, {
        "latitudeE7" : 557894995,
        "longitudeE7" : 377429937,
        "placeId" : "ChIJDRfREhg1tUYRBtG_j6w_8yQ",
        "name" : "Izmaylovo",
        "locationConfidence" : 0.01505319
      }, {
        "latitudeE7" : 557906990,
        "longitudeE7" : 377472120,
        "placeId" : "ChIJ3wqHdyI1tUYRSiQ7Ze-riDI",
        "name" : "Кофейня Вега",
        "locationConfidence" : 0.0124235945
      }, {
        "latitudeE7" : 557904692,
        "longitudeE7" : 377470869,
        "placeId" : "ChIJW9p3YyI1tUYR05RcQ9ILoR8",
        "name" : "Gusi-Lebedi",
        "locationConfidence" : 0.011807759
      }, {
        "latitudeE7" : 557898289,
        "longitudeE7" : 377495800,
        "placeId" : "ChIJ2_BSWyI1tUYR764Y4eV9YPQ",
        "locationConfidence" : 0.0106908055
      } ],
      "editConfirmationStatus" : "NOT_CONFIRMED"
    }
  }, {
    "activitySegment" : {
      "startLocation" : {
        "latitudeE7" : 557906036,
        "longitudeE7" : 377470976
      },
      "endLocation" : {
        "latitudeE7" : 557906036,
        "longitudeE7" : 377470976
      },
      "duration" : {
        "startTimestampMs" : "1504727022358",
        "endTimestampMs" : "1504728144404"
      },
      "distance" : 291,
      "activityType" : "WALKING",
      "confidence" : "HIGH",
      "activities" : [ {
        "activityType" : "WALKING",
        "probability" : 96.28646197816963
      }, {
        "activityType" : "IN_PASSENGER_VEHICLE",
        "probability" : 1.882715846848634
      }, {
        "activityType" : "IN_SUBWAY",
        "probability" : 1.123879019399806
      } ],
      "waypointPath" : {
        "waypoints" : [ {
          "latE7" : 557902488,
          "lngE7" : 377514877
        }, {
          "latE7" : 557910194,
          "lngE7" : 377472572
        } ]
      },
      "editConfirmationStatus" : "NOT_CONFIRMED"
    }
  }, {
    "placeVisit" : {
      "location" : {
        "latitudeE7" : 557906036,
        "longitudeE7" : 377470976,
        "placeId" : "ChIJHddnA50stUYRcGO1wujd5gA",
        "address" : "Измайловское шоссе, 71 корпус 3В, Москва, Россия, 105613",
        "name" : "Вега Измайлово Отель и Конгресс-Центр",
        "sourceInfo" : {
          "deviceTag" : -507012266
        },
        "locationConfidence" : 89.9085
      },
      "duration" : {
        "startTimestampMs" : "1504728144404",
        "endTimestampMs" : "1504733800901"
      },
      "placeConfidence" : "MEDIUM_CONFIDENCE",
      "childVisits" : [ {
        "location" : {
          "latitudeE7" : 557933661,
          "longitudeE7" : 377509680,
          "placeId" : "ChIJNbpSfiE1tUYREYWDdmQ7wGE",
          "address" : "Измайловское шоссе, 73Ж строение 2, Москва, г. Москва, Россия, 105122",
          "name" : "Измайловский рынок",
          "sourceInfo" : {
            "deviceTag" : -507012266
          },
          "locationConfidence" : 70.77658
        },
        "duration" : {
          "startTimestampMs" : "1504728144404",
          "endTimestampMs" : "1504729237559"
        },
        "placeConfidence" : "LOW_CONFIDENCE",
        "centerLatE7" : 557921640,
        "centerLngE7" : 377506980,
        "visitConfidence" : 90,
        "otherCandidateLocations" : [ {
          "latitudeE7" : 559499043,
          "longitudeE7" : 372955449,
          "placeId" : "ChIJ0ak2zwY_tUYRM5eyWITeJFo",
          "name" : "Russian International Academy of Tourism",
          "locationConfidence" : 5.4279895
        }, {
          "latitudeE7" : 557910040,
          "longitudeE7" : 377494530,
          "placeId" : "ChIJQY-1EyI1tUYRozsDFtyW8DE",
          "name" : "Rock House Club",
          "locationConfidence" : 1.3822023
        }, {
          "latitudeE7" : 557933863,
          "longitudeE7" : 377510324,
          "placeId" : "ChIJi-PJKSA1tUYRhCdZNPL0eRM",
          "address" : "Серебряно-Виноградный пр., 73Жс5\nМосква\nРоссия\n105122",
          "name" : "一只蚂蚁跳蚤市场",
          "locationConfidence" : 0.44188073
        }, {
          "latitudeE7" : 557917391,
          "longitudeE7" : 377460078,
          "placeId" : "ChIJMTbLlRg1tUYRuSWBAG_AQAk",
          "name" : "Izmailovo",
          "locationConfidence" : 0.228834
        }, {
          "latitudeE7" : 557898670,
          "longitudeE7" : 377494870,
          "placeId" : "ChIJ2_BSWyI1tUYRmrqJnA0RObY",
          "name" : "Izmailovo Alpha Hotel",
          "locationConfidence" : 0.21876691
        }, {
          "latitudeE7" : 557898670,
          "longitudeE7" : 377494870,
          "placeId" : "ChIJ2_BSWyI1tUYRmrqJnA0RObY",
          "name" : "Izmailovo Alpha Hotel",
          "locationConfidence" : 0.15533035
        }, {
          "latitudeE7" : 557898289,
          "longitudeE7" : 377495800,
          "placeId" : "ChIJ2_BSWyI1tUYR764Y4eV9YPQ",
          "locationConfidence" : 0.1406258
        }, {
          "latitudeE7" : 557899548,
          "longitudeE7" : 377502234,
          "placeId" : "ChIJH3LFRSI1tUYRPcfjyQKA_G8",
          "name" : "\"Веранда\"Grill&bar",
          "locationConfidence" : 0.13461877
        }, {
          "latitudeE7" : 557908000,
          "longitudeE7" : 377496551,
          "placeId" : "ChIJ2_BSWyI1tUYRP9F2DogueYY",
          "name" : "Театр Айвенго",
          "locationConfidence" : 0.12266443
        } ],
        "editConfirmationStatus" : "NOT_CONFIRMED"
      } ],
      "centerLatE7" : 557910741,
      "centerLngE7" : 377483026,
      "visitConfidence" : 90,
      "otherCandidateLocations" : [ {
        "latitudeE7" : 557905235,
        "longitudeE7" : 377473068,
        "placeId" : "ChIJJWGEeSI1tUYRwO17U0D5ebA",
        "locationConfidence" : 7.6120143
      }, {
        "latitudeE7" : 557883754,
        "longitudeE7" : 377493691,
        "placeId" : "ChIJi2F4AiM1tUYRpnLI4etgrMc",
        "name" : "Partizanskaya",
        "locationConfidence" : 0.18668787
      }, {
        "latitudeE7" : 557949878,
        "longitudeE7" : 377503526,
        "placeId" : "ChIJi-5IFB81tUYR5-IJ7JbQudQ",
        "name" : "Кремль в Измайлово",
        "locationConfidence" : 0.15453409
      }, {
        "latitudeE7" : 557899548,
        "longitudeE7" : 377502234,
        "placeId" : "ChIJH3LFRSI1tUYRPcfjyQKA_G8",
        "name" : "\"Веранда\"Grill&bar",
        "locationConfidence" : 0.10820966
      }, {
        "latitudeE7" : 557904692,
        "longitudeE7" : 377470869,
        "placeId" : "ChIJW9p3YyI1tUYR05RcQ9ILoR8",
        "name" : "Gusi-Lebedi",
        "locationConfidence" : 0.10744435
      }, {
        "latitudeE7" : 557906990,
        "longitudeE7" : 377472120,
        "placeId" : "ChIJ3wqHdyI1tUYRSiQ7Ze-riDI",
        "name" : "Кофейня Вега",
        "locationConfidence" : 0.10498654
      }, {
        "latitudeE7" : 559499043,
        "longitudeE7" : 372955449,
        "placeId" : "ChIJ0ak2zwY_tUYRM5eyWITeJFo",
        "name" : "Russian International Academy of Tourism",
        "locationConfidence" : 0.10013021
      }, {
        "latitudeE7" : 557898289,
        "longitudeE7" : 377495800,
        "placeId" : "ChIJ2_BSWyI1tUYR764Y4eV9YPQ",
        "locationConfidence" : 0.090130754
      }, {
        "latitudeE7" : 557905000,
        "longitudeE7" : 377471290,
        "placeId" : "ChIJKWGEeSI1tUYRSFc8639hK3c",
        "name" : "Old Yard",
        "locationConfidence" : 0.046158805
      } ],
      "editConfirmationStatus" : "NOT_CONFIRMED"
    }
  }, {
    "placeVisit" : {
      "location" : {
        "latitudeE7" : 549415253,
        "longitudeE7" : 733900023,
        "placeId" : "ChIJY93x_of9qkMRGUH5uY9Ucxw",
        "address" : "ул. Академика Павлова, 22, Омск, Омская область, Россия, 644005",
        "name" : "Железнодорожная",
        "sourceInfo" : {
          "deviceTag" : -507012266
        },
        "locationConfidence" : 97.19727
      },
      "duration" : {
        "startTimestampMs" : "1505122996159",
        "endTimestampMs" : "1505188966487"
      },
      "placeConfidence" : "HIGH_CONFIDENCE",
      "centerLatE7" : 549416077,
      "centerLngE7" : 733897673,
      "visitConfidence" : 89,
      "otherCandidateLocations" : [ {
        "latitudeE7" : 549415744,
        "longitudeE7" : 733900031,
        "placeId" : "ChIJO9GgBYj9qkMRRluetv4FdJQ",
        "locationConfidence" : 1.9105133
      }, {
        "latitudeE7" : 549409160,
        "longitudeE7" : 733894520,
        "placeId" : "ChIJqT85AHgCq0MRKdNeOeQH0d0",
        "name" : "Пельменные аппараты - КБ ТЕХНОЛОГИЯ",
        "locationConfidence" : 0.19995871
      }, {
        "latitudeE7" : 549411010,
        "longitudeE7" : 733898490,
        "placeId" : "ChIJiTaOAIj9qkMROziAyd0lBcI",
        "name" : "Banquet hall Dostoevsky",
        "locationConfidence" : 0.09174652
      }, {
        "latitudeE7" : 549397050,
        "longitudeE7" : 733861630,
        "placeId" : "ChIJoZvpMngCq0MRBs2hVg-yw0A",
        "name" : "Омск-пассажирский",
        "locationConfidence" : 0.058832664
      }, {
        "latitudeE7" : 549413880,
        "longitudeE7" : 733904941,
        "placeId" : "ChIJm5rCCIj9qkMR6Eqhiye48G0",
        "locationConfidence" : 0.05475771
      }, {
        "latitudeE7" : 549404617,
        "longitudeE7" : 733903853,
        "placeId" : "ChIJzya8kOP9qkMRfI9_VihBN6U",
        "name" : "Травмпункт Ленинского Округа",
        "locationConfidence" : 0.040079653
      }, {
        "latitudeE7" : 549408947,
        "longitudeE7" : 733891677,
        "placeId" : "ChIJf9HvAXgCq0MRoUPKqSiXjlA",
        "name" : "Сибириада",
        "locationConfidence" : 0.038633853
      }, {
        "latitudeE7" : 549411182,
        "longitudeE7" : 733900483,
        "placeId" : "ChIJXzDrAIj9qkMRk5wTvQ_IfrI",
        "name" : "Кафе-бистро",
        "locationConfidence" : 0.034011308
      }, {
        "latitudeE7" : 549418787,
        "longitudeE7" : 733905969,
        "placeId" : "ChIJsZAOEoj9qkMRy5UN--Czib4",
        "locationConfidence" : 0.019187817
      } ],
      "editConfirmationStatus" : "NOT_CONFIRMED"
    }
  }, {
    "activitySegment" : {
      "startLocation" : {
        "latitudeE7" : 518547819,
        "longitudeE7" : 1048615107
      },
      "endLocation" : {
        "latitudeE7" : 518547819,
        "longitudeE7" : 1048615107
      },
      "duration" : {
        "startTimestampMs" : "1505407184722",
        "endTimestampMs" : "1505407436596"
      },
      "distance" : 1427,
      "activityType" : "WALKING",
      "confidence" : "MEDIUM",
      "activities" : [ {
        "activityType" : "WALKING",
        "probability" : 79.38666793725207
      }, {
        "activityType" : "IN_PASSENGER_VEHICLE",
        "probability" : 18.349060347855275
      }, {
        "activityType" : "RUNNING",
        "probability" : 0.4076262297172762
      } ],
      "waypointPath" : {
        "waypoints" : [ {
          "latE7" : 518547744,
          "lngE7" : 1048614959
        }, {
          "latE7" : 518565635,
          "lngE7" : 1048657608
        } ]
      },
      "simplifiedRawPath" : {
        "points" : [ {
          "latE7" : 518565331,
          "lngE7" : 1048658447,
          "timestampMs" : "1505407312402",
          "accuracyMeters" : 92
        } ]
      },
      "editConfirmationStatus" : "NOT_CONFIRMED"
    }
  }, {
    "placeVisit" : {
      "location" : {
        "latitudeE7" : 503892700,
        "longitudeE7" : 1060998000,
        "placeId" : "ChIJIeAQ-4uFpF0RnHUH-cmfFMg",
        "address" : "Наушки\nРесп. Бурятия\nРоссия\n671820",
        "name" : "Наушки",
        "sourceInfo" : {
          "deviceTag" : -507012266
        },
        "locationConfidence" : 97.37602
      },
      "duration" : {
        "startTimestampMs" : "1505628674000",
        "endTimestampMs" : "1505632546321"
      },
      "placeConfidence" : "HIGH_CONFIDENCE",
      "centerLatE7" : 503886743,
      "centerLngE7" : 1060997764,
      "visitConfidence" : 87,
      "otherCandidateLocations" : [ {
        "latitudeE7" : 503900253,
        "longitudeE7" : 1061002101,
        "placeId" : "ChIJwXIs34iFpF0R-X3konlyui4",
        "name" : "Наушкинская таможня",
        "locationConfidence" : 1.5234299
      }, {
        "latitudeE7" : 503901526,
        "longitudeE7" : 1061051454,
        "placeId" : "ChIJrbII9ImFpF0Ru0_a99HAa1Y",
        "locationConfidence" : 0.8196122
      }, {
        "latitudeE7" : 507665477,
        "longitudeE7" : 1041396866,
        "placeId" : "ChIJo9zw9IbzpF0RVE0uCRH2DBA",
        "name" : "Selenge",
        "locationConfidence" : 0.28093913
      } ],
      "editConfirmationStatus" : "NOT_CONFIRMED"
    }
  }, {
    "placeVisit" : {
      "location" : {
        "latitudeE7" : 479137282,
        "longitudeE7" : 1069288373,
        "placeId" : "ChIJyfim_DmSll0RFcq06k7lWYU",
        "address" : "Манлай баатар Дамдинсүрэнгийн гудамж 1, Ulaanbaatar, Mongolia",
        "name" : "Monpolymet Complex",
        "sourceInfo" : {
          "deviceTag" : -507012266
        },
        "locationConfidence" : 81.011986
      },
      "duration" : {
        "startTimestampMs" : "1505689726394",
        "endTimestampMs" : "1505693962868"
      },
      "placeConfidence" : "MEDIUM_CONFIDENCE",
      "centerLatE7" : 479138785,
      "centerLngE7" : 1069289030,
      "visitConfidence" : 93,
      "otherCandidateLocations" : [ {
        "latitudeE7" : 479136100,
        "longitudeE7" : 1069295880,
        "placeId" : "ChIJE8FV_zmSll0R4_Jjp_DGOBc",
        "name" : "J-Hotel",
        "locationConfidence" : 9.582758
      }, {
        "latitudeE7" : 479141780,
        "longitudeE7" : 1069306030,
        "placeId" : "ChIJIfh0GTqSll0R02hYoxd5MOY",
        "name" : "Barilga MN Барилга МН",
        "locationConfidence" : 1.2783635
      }, {
        "latitudeE7" : 479138217,
        "longitudeE7" : 1069292074,
        "placeId" : "ChIJxXnO-zmSll0Rf-QAFUF4CHg",
        "name" : "Pacific Royal Institute",
        "locationConfidence" : 0.8209933
      }, {
        "latitudeE7" : 479148602,
        "longitudeE7" : 1069267539,
        "placeId" : "ChIJL6e4yzmSll0RllwNAaQzu94",
        "name" : "Соёл-Эрдэм Дээд Сургууль",
        "locationConfidence" : 0.767312
      }, {
        "latitudeE7" : 479155484,
        "longitudeE7" : 1069281770,
        "placeId" : "ChIJ50MkpTmSll0RCdEODheu9tQ",
        "name" : "K WINE MUSIC LOUNGE",
        "locationConfidence" : 0.748258
      }, {
        "latitudeE7" : 479130401,
        "longitudeE7" : 1069292317,
        "placeId" : "ChIJAZxVUzeSll0RbMtxS0lKx_w",
        "name" : "MPM COMPLEX",
        "locationConfidence" : 0.62837034
      }, {
        "latitudeE7" : 479140110,
        "longitudeE7" : 1069265970,
        "placeId" : "ChIJ6xJ80jmSll0R-iaOA_88Tfs",
        "name" : "Diplomat Apartment",
        "locationConfidence" : 0.6072818
      }, {
        "latitudeE7" : 479151086,
        "longitudeE7" : 1069283501,
        "placeId" : "ChIJKTkZvDmSll0RWaeCfGxRBis",
        "name" : "Edelweiss Hotel",
        "locationConfidence" : 0.55705726
      }, {
        "latitudeE7" : 479145091,
        "longitudeE7" : 1069289314,
        "placeId" : "ChIJ19Ze7DmSll0RceQT6c_OTLU",
        "name" : "Sodon Chimee Mongolian Language School",
        "locationConfidence" : 0.2677771
      } ],
      "editConfirmationStatus" : "NOT_CONFIRMED"
    }
  }, {
    "activitySegment" : {
      "startLocation" : {
        "latitudeE7" : 479137282,
        "longitudeE7" : 1069288373
      },
      "endLocation" : {
        "latitudeE7" : 479147190,
        "longitudeE7" : 1069209985
      },
      "duration" : {
        "startTimestampMs" : "1505693962868",
        "endTimestampMs" : "1505694220719"
      },
      "distance" : 142,
      "activityType" : "WALKING",
      "confidence" : "HIGH",
      "activities" : [ {
        "activityType" : "WALKING",
        "probability" : 97.519077481877
      }, {
        "activityType" : "IN_PASSENGER_VEHICLE",
        "probability" : 1.8141629006006847
      }, {
        "activityType" : "RUNNING",
        "probability" : 0.21545452987659441
      } ],
      "waypointPath" : {
        "waypoints" : [ {
          "latE7" : 479139862,
          "lngE7" : 1069287643
        }, {
          "latE7" : 479143905,
          "lngE7" : 1069245834
        } ]
      },
      "editConfirmationStatus" : "NOT_CONFIRMED"
    }
  }, {
    "placeVisit" : {
      "location" : {
        "latitudeE7" : 479147190,
        "longitudeE7" : 1069209985,
        "placeId" : "ChIJ0SwP30eSll0RA-bEc4bu9lM",
        "address" : "Mongolia",
        "name" : "MobiCom",
        "sourceInfo" : {
          "deviceTag" : -507012266
        },
        "locationConfidence" : 45.915314
      },
      "duration" : {
        "startTimestampMs" : "1505694220719",
        "endTimestampMs" : "1505694781587"
      },
      "placeConfidence" : "LOW_CONFIDENCE",
      "centerLatE7" : 479140925,
      "centerLngE7" : 1069212075,
      "visitConfidence" : 49,
      "otherCandidateLocations" : [ {
        "latitudeE7" : 479136599,
        "longitudeE7" : 1069215444,
        "placeId" : "ChIJOwlzGkiSll0RdHhMk2FgbJQ",
        "name" : "Shangri La Mall",
        "locationConfidence" : 15.364007
      }, {
        "latitudeE7" : 479148050,
        "longitudeE7" : 1069209885,
        "placeId" : "ChIJTxbm3keSll0RKfVJv7eZpZk",
        "name" : "Golomt Bank",
        "locationConfidence" : 11.201461
      }, {
        "latitudeE7" : 479148428,
        "longitudeE7" : 1069183962,
        "placeId" : "ChIJaS9Gg0iSll0Rek_8APSEeYU",
        "address" : "Улаанбаатар\nМонгол Улс",
        "name" : "Choijin Lama Museum",
        "locationConfidence" : 7.666762
      }, {
        "latitudeE7" : 479150634,
        "longitudeE7" : 1069198279,
        "placeId" : "ChIJq6qa1EeSll0R6NIXmPLECGY",
        "name" : "Lapis Coffee Shop",
        "locationConfidence" : 1.049481
      }, {
        "latitudeE7" : 479144533,
        "longitudeE7" : 1069213125,
        "placeId" : "ChIJvy_2CkiSll0Rmno_kyd9uMs",
        "name" : "Khan Bank",
        "locationConfidence" : 0.8960699
      }, {
        "latitudeE7" : 479155240,
        "longitudeE7" : 1069213520,
        "placeId" : "ChIJtx6PwUeSll0RLkJ7z4_wt5w",
        "name" : "Springs Hotel Ulaanbaatar Mongolia",
        "locationConfidence" : 0.759143
      }, {
        "latitudeE7" : 479146537,
        "longitudeE7" : 1069227469,
        "placeId" : "ChIJAwbM_keSll0RRf21_ldY_KQ",
        "name" : "Embassy of Japan",
        "locationConfidence" : 0.73544955
      }, {
        "latitudeE7" : 479090469,
        "longitudeE7" : 1069231155,
        "placeId" : "ChIJiyfbw0mSll0RhnvbuBSbbqY",
        "name" : "National Amusement Park",
        "locationConfidence" : 0.645503
      }, {
        "latitudeE7" : 479139718,
        "longitudeE7" : 1069236005,
        "placeId" : "ChIJXS9K-zeSll0RitEr6_ft0qg",
        "name" : "Altainkhuder LLC",
        "locationConfidence" : 0.593143
      } ],
      "editConfirmationStatus" : "NOT_CONFIRMED"
    }
  }, {
    "activitySegment" : {
      "startLocation" : {
        "latitudeE7" : 479147190,
        "longitudeE7" : 1069209985
      },
      "endLocation" : {
        "latitudeE7" : 479163504,
        "longitudeE7" : 1069149850
      },
      "duration" : {
        "startTimestampMs" : "1505694781587",
        "endTimestampMs" : "1505697992827"
      },
      "distance" : 627,
      "activityType" : "WALKING",
      "confidence" : "HIGH",
      "activities" : [ {
        "activityType" : "WALKING",
        "probability" : 89.66157786451745
      }, {
        "activityType" : "IN_PASSENGER_VEHICLE",
        "probability" : 5.986593154019205
      }, {
        "activityType" : "CYCLING",
        "probability" : 1.4866070582685447
      } ],
      "waypointPath" : {
        "waypoints" : [ {
          "latE7" : 479148101,
          "lngE7" : 1069212799
        }, {
          "latE7" : 479167861,
          "lngE7" : 1069149627
        } ]
      },
      "editConfirmationStatus" : "NOT_CONFIRMED"
    }
  }, {
    "placeVisit" : {
      "location" : {
        "latitudeE7" : 479163504,
        "longitudeE7" : 1069149850,
        "placeId" : "ChIJl9wvk0WSll0RdC1daKCVgrM",
        "address" : "Энх Тайваны Өргөн Чөлөө 3, Улаанбаатар, Монгол Улс",
        "name" : "Papamingo Coffee",
        "sourceInfo" : {
          "deviceTag" : -507012266
        },
        "locationConfidence" : 80.99178
      },
      "duration" : {
        "startTimestampMs" : "1505697992827",
        "endTimestampMs" : "1505699620065"
      },
      "placeConfidence" : "MEDIUM_CONFIDENCE",
      "centerLatE7" : 479163371,
      "centerLngE7" : 1069151969,
      "visitConfidence" : 90,
      "otherCandidateLocations" : [ {
        "latitudeE7" : 479159607,
        "longitudeE7" : 1069144835,
        "placeId" : "ChIJTWkOi0WSll0RAVikKCcUY2w",
        "name" : "Seaberry Shop",
        "locationConfidence" : 7.814098
      }, {
        "latitudeE7" : 479164306,
        "longitudeE7" : 1069149763,
        "placeId" : "ChIJ98dCk0WSll0Rt6CP_4ClzS8",
        "name" : "Blue Sky Aviation",
        "locationConfidence" : 2.7466612
      }, {
        "latitudeE7" : 479164741,
        "longitudeE7" : 1069149206,
        "placeId" : "ChIJd7p9k0WSll0RLj9g4SkNsZc",
        "name" : "MS Central guesthouse&tours",
        "locationConfidence" : 2.3003836
      }, {
        "latitudeE7" : 479164283,
        "longitudeE7" : 1069149113,
        "placeId" : "ChIJ_d9xk0WSll0RjmD-qBK5-E0",
        "name" : "Mongol Steppe 2",
        "locationConfidence" : 1.2526495
      }, {
        "latitudeE7" : 479162207,
        "longitudeE7" : 1069150011,
        "placeId" : "ChIJCfZI7UWSll0R1q0rLhdVE9o",
        "name" : "Tsolmon Travel LLC",
        "locationConfidence" : 0.8865687
      }, {
        "latitudeE7" : 479163780,
        "longitudeE7" : 1069144928,
        "placeId" : "ChIJcZ-fkUWSll0RbBZIdF-iQcw",
        "name" : "Eco Tower",
        "locationConfidence" : 0.6656932
      }, {
        "latitudeE7" : 479162874,
        "longitudeE7" : 1069149864,
        "placeId" : "ChIJD0Yj7UWSll0RpLuRaaQVjJ0",
        "name" : "The Seven Summits",
        "locationConfidence" : 0.4055259
      }, {
        "latitudeE7" : 479188206,
        "longitudeE7" : 1069176377,
        "placeId" : "ChIJScmXIkSSll0RslzOTfxOiHE",
        "address" : "Sukhbaatar Square 20/8 Улаанбаатар\nУлаанбаатар 14200\nМонгол Улс",
        "name" : "Sukhbaatar Square",
        "locationConfidence" : 0.40378448
      }, {
        "latitudeE7" : 479164825,
        "longitudeE7" : 1069149760,
        "placeId" : "ChIJJX2elEWSll0Rp1iBQu4MSI4",
        "name" : "Airmarket",
        "locationConfidence" : 0.23829049
      } ],
      "editConfirmationStatus" : "NOT_CONFIRMED"
    }
  }, {
    "activitySegment" : {
      "startLocation" : {
        "latitudeE7" : 479163366,
        "longitudeE7" : 1069152218
      },
      "endLocation" : {
        "latitudeE7" : 479188206,
        "longitudeE7" : 1069176377
      },
      "duration" : {
        "startTimestampMs" : "1505699620065",
        "endTimestampMs" : "1505700506000"
      },
      "distance" : 583,
      "activityType" : "WALKING",
      "confidence" : "HIGH",
      "activities" : [ {
        "activityType" : "WALKING",
        "probability" : 90.81983855397762
      }, {
        "activityType" : "IN_PASSENGER_VEHICLE",
        "probability" : 5.370278159201526
      }, {
        "activityType" : "CYCLING",
        "probability" : 2.999283797811263
      } ],
      "waypointPath" : {
        "waypoints" : [ {
          "latE7" : 479167938,
          "lngE7" : 1069151992
        }, {
          "latE7" : 479200820,
          "lngE7" : 1069204788
        } ]
      },
      "editConfirmationStatus" : "NOT_CONFIRMED"
    }
  }, {
    "placeVisit" : {
      "location" : {
        "latitudeE7" : 479188206,
        "longitudeE7" : 1069176377,
        "placeId" : "ChIJScmXIkSSll0RslzOTfxOiHE",
        "address" : "Ерөнхий сайд А.Амарын гудамж, Улаанбаатар, Монгол Улс",
        "name" : "Sukhbaatar Square",
        "sourceInfo" : {
          "deviceTag" : -507012266
        },
        "locationConfidence" : 71.145905
      },
      "duration" : {
        "startTimestampMs" : "1505700506000",
        "endTimestampMs" : "1505703714397"
      },
      "placeConfidence" : "MEDIUM_CONFIDENCE",
      "centerLatE7" : 479195570,
      "centerLngE7" : 1069212890,
      "visitConfidence" : 74,
      "otherCandidateLocations" : [ {
        "latitudeE7" : 479195813,
        "longitudeE7" : 1069211984,
        "placeId" : "ChIJJ9hTy0aSll0RELnydxda9-o",
        "name" : "Mongolian National Modern Art Gallery",
        "locationConfidence" : 10.1523485
      }, {
        "latitudeE7" : 479195921,
        "longitudeE7" : 1069211555,
        "placeId" : "ChIJDx2WzEaSll0Rs_AzrIyOCWM",
        "name" : "Book Palace for Children",
        "locationConfidence" : 3.0595582
      }, {
        "latitudeE7" : 479202860,
        "longitudeE7" : 1069204630,
        "placeId" : "ChIJEZgZT0GSll0Ro875zyoV3ZM",
        "name" : "BEST WESTERN PREMIER Tuushin Hotel",
        "locationConfidence" : 0.90886927
      }, {
        "latitudeE7" : 479197289,
        "longitudeE7" : 1069218243,
        "placeId" : "ChIJl3kALUGSll0ROS4IYLmOxJc",
        "name" : "Монгол улсын Шинжлэх ухааны Академи",
        "locationConfidence" : 0.9041672
      }, {
        "latitudeE7" : 479189308,
        "longitudeE7" : 1069215249,
        "placeId" : "ChIJ1USS0EaSll0ReLLkJOnSx7o",
        "name" : "Orgil Supermarket",
        "locationConfidence" : 0.8594774
      }, {
        "latitudeE7" : 479195058,
        "longitudeE7" : 1069211917,
        "placeId" : "ChIJhfhXzEaSll0RBJ9bODfB5tE",
        "name" : "Center of Cultural Heritage",
        "locationConfidence" : 0.6810807
      }, {
        "latitudeE7" : 479195900,
        "longitudeE7" : 1069207680,
        "placeId" : "ChIJdc3ttUaSll0RnHFcByyuwks",
        "name" : "Khuvsgul Lake Hotel",
        "locationConfidence" : 0.5197242
      }, {
        "latitudeE7" : 479191510,
        "longitudeE7" : 1069208590,
        "placeId" : "ChIJB31Iz0aSll0R0xjb9JD4z2A",
        "name" : "New Clover Travel Service LLC",
        "locationConfidence" : 0.24898636
      }, {
        "latitudeE7" : 479180440,
        "longitudeE7" : 1069198510,
        "placeId" : "ChIJjUr77EaSll0R-5bs2F_pXW4",
        "name" : "Karen Millen",
        "locationConfidence" : 0.21999305
      } ],
      "editConfirmationStatus" : "NOT_CONFIRMED"
    }
  }, {
    "activitySegment" : {
      "startLocation" : {
        "latitudeE7" : 479188206,
        "longitudeE7" : 1069176377
      },
      "endLocation" : {
        "latitudeE7" : 479204397,
        "longitudeE7" : 1069154820
      },
      "duration" : {
        "startTimestampMs" : "1505703714397",
        "endTimestampMs" : "1505703965360"
      },
      "distance" : 34,
      "activityType" : "WALKING",
      "confidence" : "HIGH",
      "activities" : [ {
        "activityType" : "WALKING",
        "probability" : 89.98183970433413
      }, {
        "activityType" : "IN_PASSENGER_VEHICLE",
        "probability" : 5.597420363071966
      }, {
        "activityType" : "CYCLING",
        "probability" : 3.884747995597636
      } ],
      "editConfirmationStatus" : "NOT_CONFIRMED"
    }
  }, {
    "placeVisit" : {
      "location" : {
        "latitudeE7" : 479204397,
        "longitudeE7" : 1069154820,
        "placeId" : "ChIJsQNhfEOSll0RmcyHJJ6GNwo",
        "address" : "Juulchin Street -1, Ulaanbaatar 210646, Монгол",
        "name" : "National Museum of Mongolian History",
        "sourceInfo" : {
          "deviceTag" : -507012266
        },
        "locationConfidence" : 92.43871
      },
      "duration" : {
        "startTimestampMs" : "1505703965360",
        "endTimestampMs" : "1505704813207"
      },
      "placeConfidence" : "MEDIUM_CONFIDENCE",
      "centerLatE7" : 479204200,
      "centerLngE7" : 1069172020,
      "visitConfidence" : 83,
      "otherCandidateLocations" : [ {
        "latitudeE7" : 479188206,
        "longitudeE7" : 1069176377,
        "placeId" : "ChIJScmXIkSSll0RslzOTfxOiHE",
        "address" : "Sukhbaatar Square 20/8 Улаанбаатар\nУлаанбаатар 14200\nМонгол Улс",
        "name" : "Sukhbaatar Square",
        "locationConfidence" : 3.2774606
      }, {
        "latitudeE7" : 479217464,
        "longitudeE7" : 1069151044,
        "placeId" : "ChIJmbRva0OSll0Re6bSYHIA87g",
        "name" : "Argal Monument",
        "locationConfidence" : 0.7367433
      }, {
        "latitudeE7" : 479200230,
        "longitudeE7" : 1069155330,
        "placeId" : "ChIJjbtzfkSSll0R1MdfAsVMnUU",
        "name" : "Ulaanbaatar City Bank",
        "locationConfidence" : 0.38436893
      }, {
        "latitudeE7" : 479205896,
        "longitudeE7" : 1069172868,
        "placeId" : "ChIJF850jEOSll0RTRssFM8wcNY",
        "name" : "Parliament Building",
        "locationConfidence" : 0.36244544
      }, {
        "latitudeE7" : 479212964,
        "longitudeE7" : 1069144883,
        "placeId" : "ChIJI4f7Z0OSll0RyjPZtxaJ74U",
        "name" : "Төрийн тусгай албан хаагчдын нэгдсэн эмнэлэг",
        "locationConfidence" : 0.16435839
      }, {
        "latitudeE7" : 479197820,
        "longitudeE7" : 1069142390,
        "placeId" : "ChIJaaHbk0SSll0R8IH7xTaDslQ",
        "name" : "Pizza Hut",
        "locationConfidence" : 0.13419227
      }, {
        "latitudeE7" : 479201493,
        "longitudeE7" : 1069172931,
        "placeId" : "ChIJtWc6dUSSll0R4MHMr7HSysI",
        "name" : "State History Museum of Mongolia",
        "locationConfidence" : 0.1331129
      }, {
        "latitudeE7" : 479197870,
        "longitudeE7" : 1069165299,
        "placeId" : "ChIJdV86ckSSll0RfhMprmi4_gk",
        "name" : "Uguudei Khaan Statue",
        "locationConfidence" : 0.10142126
      }, {
        "latitudeE7" : 479204410,
        "longitudeE7" : 1069172910,
        "placeId" : "ChIJYQ2pi0OSll0Ru6dermDucJI",
        "name" : "Иргэний оролцоо",
        "locationConfidence" : 0.07248563
      } ],
      "editConfirmationStatus" : "NOT_CONFIRMED"
    }
  }, {
    "activitySegment" : {
      "startLocation" : {
        "latitudeE7" : 479204397,
        "longitudeE7" : 1069154820
      },
      "endLocation" : {
        "latitudeE7" : 479222056,
        "longitudeE7" : 1069134092
      },
      "duration" : {
        "startTimestampMs" : "1505704813207",
        "endTimestampMs" : "1505704949431"
      },
      "distance" : 1864,
      "activityType" : "WALKING",
      "confidence" : "HIGH",
      "activities" : [ {
        "activityType" : "WALKING",
        "probability" : 96.90993560432783
      }, {
        "activityType" : "IN_PASSENGER_VEHICLE",
        "probability" : 2.3434642703094797
      }, {
        "activityType" : "CYCLING",
        "probability" : 0.15810443126482393
      } ],
      "editConfirmationStatus" : "NOT_CONFIRMED"
    }
  }, {
    "placeVisit" : {
      "location" : {
        "latitudeE7" : 479222056,
        "longitudeE7" : 1069134092,
        "placeId" : "ChIJdaCqSkOSll0Rs4f1jHBGobY",
        "address" : "Залуучуудын өргөн чөлөө, Улаанбаатар, Монгол улс",
        "name" : "tsagdaagiin yronhii gazar",
        "sourceInfo" : {
          "deviceTag" : -507012266
        },
        "locationConfidence" : 33.3799
      },
      "duration" : {
        "startTimestampMs" : "1505704949431",
        "endTimestampMs" : "1505705317919"
      },
      "placeConfidence" : "LOW_CONFIDENCE",
      "centerLatE7" : 479222125,
      "centerLngE7" : 1069111700,
      "visitConfidence" : 66,
      "otherCandidateLocations" : [ {
        "latitudeE7" : 479221813,
        "longitudeE7" : 1069110651,
        "placeId" : "ChIJG5wjlFySll0R70VAMBbyhkI",
        "name" : "Zoos Goyol",
        "locationConfidence" : 21.625774
      }, {
        "latitudeE7" : 479223243,
        "longitudeE7" : 1069136868,
        "placeId" : "ChIJCRkZNEOSll0RfW7VkicTVAA",
        "name" : "Naran Point",
        "locationConfidence" : 18.504778
      }, {
        "latitudeE7" : 479207857,
        "longitudeE7" : 1069108963,
        "placeId" : "ChIJd_llXFuSll0ROfWEqivpCzU",
        "name" : "Cafe Bench",
        "locationConfidence" : 3.71518
      }, {
        "latitudeE7" : 479218086,
        "longitudeE7" : 1069116051,
        "placeId" : "ChIJT6FYu1ySll0R5HHfAZKpsfw",
        "name" : "Нийслэлийн засаг захиргааны IV байр",
        "locationConfidence" : 1.4430507
      }, {
        "latitudeE7" : 479217240,
        "longitudeE7" : 1069116372,
        "placeId" : "ChIJ9bS2pFySll0RdlBH7ERVcSM",
        "name" : "UB smart card",
        "locationConfidence" : 0.9650544
      }, {
        "latitudeE7" : 479228989,
        "longitudeE7" : 1069104722,
        "placeId" : "ChIJG4zR_VySll0RKoEmx5yMwtw",
        "name" : "Agnista",
        "locationConfidence" : 0.94084513
      }, {
        "latitudeE7" : 479228497,
        "longitudeE7" : 1069111604,
        "placeId" : "ChIJxT6N7lySll0Rs-QMa922osM",
        "name" : "Shur Boutique",
        "locationConfidence" : 0.8922014
      }, {
        "latitudeE7" : 479228233,
        "longitudeE7" : 1069109530,
        "placeId" : "ChIJxVAJ7lySll0RTAgtXirZlcw",
        "name" : "Zaan",
        "locationConfidence" : 0.76277834
      }, {
        "latitudeE7" : 479232743,
        "longitudeE7" : 1069103723,
        "placeId" : "ChIJOYk--FySll0Rk27vLO07NEU",
        "name" : "Yaruu Coffee House",
        "locationConfidence" : 0.5604051
      } ],
      "editConfirmationStatus" : "NOT_CONFIRMED"
    }
  }, {
    "activitySegment" : {
      "startLocation" : {
        "latitudeE7" : 479222056,
        "longitudeE7" : 1069134092
      },
      "endLocation" : {
        "latitudeE7" : 479196604,
        "longitudeE7" : 1069086681
      },
      "duration" : {
        "startTimestampMs" : "1505705317919",
        "endTimestampMs" : "1505709045666"
      },
      "distance" : 1091,
      "activityType" : "WALKING",
      "confidence" : "HIGH",
      "activities" : [ {
        "activityType" : "WALKING",
        "probability" : 98.87174780667432
      }, {
        "activityType" : "IN_PASSENGER_VEHICLE",
        "probability" : 0.5319481414775321
      }, {
        "activityType" : "HIKING",
        "probability" : 0.36759120302155174
      } ],
      "waypointPath" : {
        "waypoints" : [ {
          "latE7" : 479218254,
          "lngE7" : 1069098663
        }, {
          "latE7" : 479220771,
          "lngE7" : 1069051895
        }, {
          "latE7" : 479198799,
          "lngE7" : 1069086227
        } ]
      },
      "simplifiedRawPath" : {
        "points" : [ {
          "latE7" : 479225807,
          "lngE7" : 1069050827,
          "timestampMs" : "1505705945515",
          "accuracyMeters" : 100
        } ]
      },
      "editConfirmationStatus" : "NOT_CONFIRMED"
    }
  }, {
    "placeVisit" : {
      "location" : {
        "latitudeE7" : 479196604,
        "longitudeE7" : 1069086681,
        "placeId" : "ChIJH4gIvUSSll0RxnCLShHRWNA",
        "address" : "FPMT, Tourist Street 16, Улаанбаатар, Монгол Улс",
        "name" : "Luna Blanca Restaurant",
        "sourceInfo" : {
          "deviceTag" : -507012266
        },
        "locationConfidence" : 91.54745
      },
      "duration" : {
        "startTimestampMs" : "1505709045666",
        "endTimestampMs" : "1505714022142"
      },
      "placeConfidence" : "MEDIUM_CONFIDENCE",
      "childVisits" : [ {
        "location" : {
          "latitudeE7" : 479188735,
          "longitudeE7" : 1069038335,
          "placeId" : "ChIJG5gthlmSll0R93CODEpD8h4",
          "address" : "Taiwan Center, Tourist Street-38, Chingeltei District, Ulaanbaatar, Mongolia, Khoroo 3, Ulaanbaatar, Chingeltei, Ulaanbaatar 16040, Mongolia",
          "name" : "Mongolia Taiwan Center",
          "sourceInfo" : {
            "deviceTag" : -507012266
          },
          "locationConfidence" : 5.0364366
        },
        "duration" : {
          "startTimestampMs" : "1505709045666",
          "endTimestampMs" : "1505709541571"
        },
        "placeConfidence" : "LOW_CONFIDENCE",
        "centerLatE7" : 479192467,
        "centerLngE7" : 1069039433,
        "visitConfidence" : 94,
        "otherCandidateLocations" : [ {
          "latitudeE7" : 479192614,
          "longitudeE7" : 1069039786,
          "placeId" : "ChIJHRgBh1mSll0RsWJuso37qVg",
          "name" : "Khan Bank",
          "locationConfidence" : 3.2678955
        }, {
          "latitudeE7" : 479197800,
          "longitudeE7" : 1069027760,
          "placeId" : "ChIJ5ygUoFmSll0Rr2s3FxBcD18",
          "name" : "NIBank - Найман шарга салбар",
          "locationConfidence" : 0.8736299
        }, {
          "latitudeE7" : 479199327,
          "longitudeE7" : 1069021166,
          "placeId" : "ChIJgWgep1mSll0RAxMX9xp_CNQ",
          "name" : "\"Sweetday\" Restaurant & Karaoke",
          "locationConfidence" : 0.81213355
        }, {
          "latitudeE7" : 479169039,
          "longitudeE7" : 1069063071,
          "placeId" : "ChIJdaLnf1qSll0RkOQm3Pe4rvU",
          "name" : "State Department Store",
          "locationConfidence" : 0.7212826
        }, {
          "latitudeE7" : 479189110,
          "longitudeE7" : 1069019304,
          "placeId" : "ChIJP6iXv1mSll0RbY9yXsyq_xE",
          "name" : "ЭНТО ЭХНТ эм ханган нийлүүлэх төв энто бөөний төв",
          "locationConfidence" : 0.64137053
        }, {
          "latitudeE7" : 479200451,
          "longitudeE7" : 1069005561,
          "placeId" : "ChIJCzOFVliSll0REMgGOnDdHos",
          "name" : "бөмбөгөр худалдааны төв 8-р павилон",
          "locationConfidence" : 0.59884965
        }, {
          "latitudeE7" : 479189313,
          "longitudeE7" : 1069063604,
          "placeId" : "ChIJN2XoTlqSll0RhBsNwp-5RcM",
          "name" : "Mirage Cafe & Barbeque",
          "locationConfidence" : 0.58207685
        }, {
          "latitudeE7" : 479193321,
          "longitudeE7" : 1069001577,
          "placeId" : "ChIJM8VVSViSll0RnY78qKBGU70",
          "name" : "New Bumbugur Trade center",
          "locationConfidence" : 0.46084085
        }, {
          "latitudeE7" : 479172084,
          "longitudeE7" : 1069038569,
          "placeId" : "ChIJuYUBCFqSll0RS9ppeyIrBSc",
          "name" : "Loving Hut",
          "locationConfidence" : 0.45800042
        } ],
        "editConfirmationStatus" : "NOT_CONFIRMED"
      } ],
      "centerLatE7" : 479193727,
      "centerLngE7" : 1069071989,
      "visitConfidence" : 94,
      "otherCandidateLocations" : [ {
        "latitudeE7" : 479194892,
        "longitudeE7" : 1069068594,
        "placeId" : "ChIJR13Is1uSll0RgiJVLqvs4s8",
        "name" : "Trans Bank",
        "locationConfidence" : 1.0020946
      }, {
        "latitudeE7" : 479201880,
        "longitudeE7" : 1069093530,
        "placeId" : "ChIJnWnOEluSll0RInAK_Csmv28",
        "name" : "Занабазарын Нэрэмжит Дүрслэх Урлагийн Музей / The Fine Arts Zanabazar Museum",
        "locationConfidence" : 0.8833965
      }, {
        "latitudeE7" : 479198669,
        "longitudeE7" : 1069070471,
        "placeId" : "ChIJMwJ9sFuSll0RAMwTsvBPQeo",
        "name" : "Onnetsu hot towel massage",
        "locationConfidence" : 0.6320243
      }, {
        "latitudeE7" : 479169039,
        "longitudeE7" : 1069063071,
        "placeId" : "ChIJdaLnf1qSll0RkOQm3Pe4rvU",
        "name" : "State Department Store",
        "locationConfidence" : 0.5138654
      }, {
        "latitudeE7" : 479198875,
        "longitudeE7" : 1069074453,
        "placeId" : "ChIJ0zJwpVuSll0RXlLMCMnP2Jg",
        "name" : "Top Tour & Guesthouse Mongolia",
        "locationConfidence" : 0.35820112
      }, {
        "latitudeE7" : 479207857,
        "longitudeE7" : 1069108963,
        "placeId" : "ChIJd_llXFuSll0ROfWEqivpCzU",
        "name" : "Cafe Bench",
        "locationConfidence" : 0.17748739
      }, {
        "latitudeE7" : 479198689,
        "longitudeE7" : 1069070470,
        "placeId" : "ChIJdal9sFuSll0RbiVE6s641ug",
        "name" : "The Art Restaurant",
        "locationConfidence" : 0.13954572
      }, {
        "latitudeE7" : 479196137,
        "longitudeE7" : 1069075835,
        "placeId" : "ChIJ43I87FqSll0R7ObokHXLvdY",
        "name" : "Amarbayasgalant",
        "locationConfidence" : 0.12338928
      }, {
        "latitudeE7" : 479195157,
        "longitudeE7" : 1069069388,
        "placeId" : "ChIJCbZqsluSll0RO-lUEBmewyE",
        "name" : "Монголын Урлагийн Зөвлөл - Arts Council of Mongolia",
        "locationConfidence" : 0.11780573
      } ],
      "editConfirmationStatus" : "NOT_CONFIRMED"
    }
  }, {
    "activitySegment" : {
      "startLocation" : {
        "latitudeE7" : 479196604,
        "longitudeE7" : 1069086681
      },
      "endLocation" : {
        "latitudeE7" : 478994395,
        "longitudeE7" : 1069071873
      },
      "duration" : {
        "startTimestampMs" : "1505714022142",
        "endTimestampMs" : "1505715371149"
      },
      "distance" : 764,
      "activityType" : "IN_PASSENGER_VEHICLE",
      "confidence" : "MEDIUM",
      "activities" : [ {
        "activityType" : "IN_PASSENGER_VEHICLE",
        "probability" : 71.8319149895754
      }, {
        "activityType" : "WALKING",
        "probability" : 19.82949323093713
      }, {
        "activityType" : "IN_BUS",
        "probability" : 4.430067989745726
      } ],
      "waypointPath" : {
        "waypoints" : [ {
          "latE7" : 479199142,
          "lngE7" : 1069086227
        }, {
          "latE7" : 478992576,
          "lngE7" : 1069072113
        } ]
      },
      "editConfirmationStatus" : "NOT_CONFIRMED",
      "parkingEvent" : {
        "timestampMs" : "1505715371149",
        "location" : {
          "latitudeE7" : 478994395,
          "longitudeE7" : 1069071873
        }
      }
    }
  }, {
    "activitySegment" : {
      "startLocation" : {
        "latitudeE7" : 479005006,
        "longitudeE7" : 1069065915
      },
      "endLocation" : {
        "latitudeE7" : 479137282,
        "longitudeE7" : 1069288373
      },
      "duration" : {
        "startTimestampMs" : "1505715371149",
        "endTimestampMs" : "1505726703541"
      },
      "distance" : 5342,
      "activityType" : "WALKING",
      "confidence" : "HIGH",
      "activities" : [ {
        "activityType" : "WALKING",
        "probability" : 91.5836773485614
      }, {
        "activityType" : "IN_PASSENGER_VEHICLE",
        "probability" : 3.748045872532064
      }, {
        "activityType" : "HIKING",
        "probability" : 3.299850355393937
      } ],
      "waypointPath" : {
        "waypoints" : [ {
          "latE7" : 479005546,
          "lngE7" : 1069071426
        }, {
          "latE7" : 479139862,
          "lngE7" : 1069287643
        } ]
      },
      "editConfirmationStatus" : "NOT_CONFIRMED"
    }
  }, {
    "placeVisit" : {
      "location" : {
        "latitudeE7" : 479137282,
        "longitudeE7" : 1069288373,
        "placeId" : "ChIJyfim_DmSll0RFcq06k7lWYU",
        "address" : "Манлай баатар Дамдинсүрэнгийн гудамж 1, Ulaanbaatar, Mongolia",
        "name" : "Monpolymet Complex",
        "sourceInfo" : {
          "deviceTag" : -507012266
        },
        "locationConfidence" : 80.232124
      },
      "duration" : {
        "startTimestampMs" : "1505726703541",
        "endTimestampMs" : "1505750319328"
      },
      "placeConfidence" : "MEDIUM_CONFIDENCE",
      "centerLatE7" : 479138557,
      "centerLngE7" : 1069291901,
      "visitConfidence" : 89,
      "otherCandidateLocations" : [ {
        "latitudeE7" : 479136100,
        "longitudeE7" : 1069295880,
        "placeId" : "ChIJE8FV_zmSll0R4_Jjp_DGOBc",
        "name" : "J-Hotel",
        "locationConfidence" : 9.22036
      }, {
        "latitudeE7" : 479138217,
        "longitudeE7" : 1069292074,
        "placeId" : "ChIJxXnO-zmSll0Rf-QAFUF4CHg",
        "name" : "Pacific Royal Institute",
        "locationConfidence" : 2.8569915
      }, {
        "latitudeE7" : 479155484,
        "longitudeE7" : 1069281770,
        "placeId" : "ChIJ50MkpTmSll0RCdEODheu9tQ",
        "name" : "K WINE MUSIC LOUNGE",
        "locationConfidence" : 2.801407
      }, {
        "latitudeE7" : 479130401,
        "longitudeE7" : 1069292317,
        "placeId" : "ChIJAZxVUzeSll0RbMtxS0lKx_w",
        "name" : "MPM COMPLEX",
        "locationConfidence" : 0.6112246
      }, {
        "latitudeE7" : 479151086,
        "longitudeE7" : 1069283501,
        "placeId" : "ChIJKTkZvDmSll0RWaeCfGxRBis",
        "name" : "Edelweiss Hotel",
        "locationConfidence" : 0.48634502
      }, {
        "latitudeE7" : 479148602,
        "longitudeE7" : 1069267539,
        "placeId" : "ChIJL6e4yzmSll0RllwNAaQzu94",
        "name" : "Соёл-Эрдэм Дээд Сургууль",
        "locationConfidence" : 0.43970335
      }, {
        "latitudeE7" : 479140110,
        "longitudeE7" : 1069265970,
        "placeId" : "ChIJ6xJ80jmSll0R-iaOA_88Tfs",
        "name" : "Diplomat Apartment",
        "locationConfidence" : 0.37387812
      }, {
        "latitudeE7" : 479142190,
        "longitudeE7" : 1069280112,
        "placeId" : "ChIJd68e6DmSll0RIq0gLrHnuZY",
        "name" : "Epos Hotel",
        "locationConfidence" : 0.36947596
      }, {
        "latitudeE7" : 479141780,
        "longitudeE7" : 1069306030,
        "placeId" : "ChIJIfh0GTqSll0R02hYoxd5MOY",
        "name" : "Barilga MN Барилга МН",
        "locationConfidence" : 0.2153084
      } ],
      "editConfirmationStatus" : "NOT_CONFIRMED"
    }
  }, {
    "placeVisit" : {
      "location" : {
        "latitudeE7" : 479186646,
        "longitudeE7" : 1069108169,
        "placeId" : "ChIJo_J41VqSll0R-A_Mvd7D10w",
        "address" : "Ulaanbaatar, Mongolia",
        "name" : "Ashu Granville",
        "sourceInfo" : {
          "deviceTag" : -507012266
        },
        "locationConfidence" : 91.7678
      },
      "duration" : {
        "startTimestampMs" : "1505914542294",
        "endTimestampMs" : "1505917615281"
      },
      "placeConfidence" : "MEDIUM_CONFIDENCE",
      "centerLatE7" : 479185971,
      "centerLngE7" : 1069109800,
      "visitConfidence" : 95,
      "otherCandidateLocations" : [ {
        "latitudeE7" : 479186684,
        "longitudeE7" : 1069106486,
        "placeId" : "ChIJWZ7v1VqSll0RWXmqQIT6clk",
        "name" : "Chimac Pub & Coffee",
        "locationConfidence" : 1.7032154
      }, {
        "latitudeE7" : 479178386,
        "longitudeE7" : 1069116256,
        "placeId" : "ChIJkzeqKUWSll0RonI2yGNt8F0",
        "name" : "Ard Bus Station",
        "locationConfidence" : 1.2835706
      }, {
        "latitudeE7" : 479172800,
        "longitudeE7" : 1069100990,
        "placeId" : "ChIJt9i-tFqSll0RpYlqkXtZ1x8",
        "name" : "Michele's French Bakery - La Boulange",
        "locationConfidence" : 1.0017116
      }, {
        "latitudeE7" : 479185747,
        "longitudeE7" : 1069107538,
        "placeId" : "ChIJZSio1VqSll0RqTsTynGbz_8",
        "name" : "Jura Hot Pot and Chinese Restaurant",
        "locationConfidence" : 0.9508528
      }, {
        "latitudeE7" : 479192504,
        "longitudeE7" : 1069110208,
        "placeId" : "ChIJ6WjuLVuSll0RWSyrC4G_q7Y",
        "name" : "Mongnis Ruan Mongolia LLC",
        "locationConfidence" : 0.3483926
      }, {
        "latitudeE7" : 479182055,
        "longitudeE7" : 1069109177,
        "placeId" : "ChIJH8HiLEWSll0RwZccGKkKwDI",
        "name" : "Үндэсний Хөрөнгө Оруулалтын Банк",
        "locationConfidence" : 0.1748586
      }, {
        "latitudeE7" : 479207857,
        "longitudeE7" : 1069108963,
        "placeId" : "ChIJd_llXFuSll0ROfWEqivpCzU",
        "name" : "Cafe Bench",
        "locationConfidence" : 0.1282268
      }, {
        "latitudeE7" : 479188398,
        "longitudeE7" : 1069112340,
        "placeId" : "ChIJl6LD1ESSll0RYQgREIamqms",
        "name" : "Алтан ураг",
        "locationConfidence" : 0.10545262
      }, {
        "latitudeE7" : 479180718,
        "longitudeE7" : 1069113516,
        "placeId" : "ChIJubG0L0WSll0RNORz449F5Cs",
        "name" : "Элбэг бууз",
        "locationConfidence" : 0.0833394
      } ],
      "editConfirmationStatus" : "NOT_CONFIRMED"
    }
  }, {
    "placeVisit" : {
      "location" : {
        "latitudeE7" : 479199850,
        "longitudeE7" : 1069075629,
        "placeId" : "ChIJmzKvpVuSll0Rg58wul5bqsA",
        "address" : "Ulaanbaatar, Mongolia",
        "name" : "Nayra Cafe",
        "sourceInfo" : {
          "deviceTag" : -507012266
        },
        "locationConfidence" : 26.024094
      },
      "duration" : {
        "startTimestampMs" : "1505963250465",
        "endTimestampMs" : "1505967764815"
      },
      "placeConfidence" : "MEDIUM_CONFIDENCE",
      "centerLatE7" : 479198995,
      "centerLngE7" : 1069074209,
      "visitConfidence" : 93,
      "otherCandidateLocations" : [ {
        "latitudeE7" : 479198875,
        "longitudeE7" : 1069074453,
        "placeId" : "ChIJ0zJwpVuSll0RXlLMCMnP2Jg",
        "name" : "Top Tour & Guesthouse Mongolia",
        "locationConfidence" : 24.563969
      }, {
        "latitudeE7" : 479198669,
        "longitudeE7" : 1069070471,
        "placeId" : "ChIJMwJ9sFuSll0RAMwTsvBPQeo",
        "name" : "Onnetsu hot towel massage",
        "locationConfidence" : 23.327858
      }, {
        "latitudeE7" : 479201050,
        "longitudeE7" : 1069067307,
        "placeId" : "ChIJXboYuVuSll0RLa7vw1IaHgw",
        "locationConfidence" : 10.032745
      }, {
        "latitudeE7" : 479196604,
        "longitudeE7" : 1069086681,
        "placeId" : "ChIJH4gIvUSSll0RxnCLShHRWNA",
        "address" : "Sukhbaatar St 11\nУлаанбаатар\nMongolia",
        "name" : "Luna Blanca Restaurant",
        "locationConfidence" : 1.3523685
      }, {
        "latitudeE7" : 479200505,
        "longitudeE7" : 1069078790,
        "placeId" : "ChIJf9qrpluSll0Rd6TUSbQXxVc",
        "name" : "Tuul",
        "locationConfidence" : 1.2367804
      }, {
        "latitudeE7" : 479196137,
        "longitudeE7" : 1069075835,
        "placeId" : "ChIJ43I87FqSll0R7ObokHXLvdY",
        "name" : "Amarbayasgalant",
        "locationConfidence" : 0.6855428
      }, {
        "latitudeE7" : 479198689,
        "longitudeE7" : 1069070470,
        "placeId" : "ChIJdal9sFuSll0RbiVE6s641ug",
        "name" : "The Art Restaurant",
        "locationConfidence" : 0.58181024
      }, {
        "latitudeE7" : 479197913,
        "longitudeE7" : 1069080966,
        "placeId" : "ChIJmeX2p1uSll0RI4Tagv9QSU8",
        "name" : "avto mashin lombard",
        "locationConfidence" : 0.42416215
      }, {
        "latitudeE7" : 479200379,
        "longitudeE7" : 1069078463,
        "placeId" : "ChIJRQWkpluSll0RqvfhUCRb6GE",
        "name" : "The Coffee Bean & Tea Leaf",
        "locationConfidence" : 0.40079734
      } ],
      "editConfirmationStatus" : "NOT_CONFIRMED"
    }
  }, {
    "activitySegment" : {
      "startLocation" : {
        "latitudeE7" : 479199850,
        "longitudeE7" : 1069075629
      },
      "endLocation" : {
        "latitudeE7" : 479148428,
        "longitudeE7" : 1069183962
      },
      "duration" : {
        "startTimestampMs" : "1505967764815",
        "endTimestampMs" : "1505969955278"
      },
      "distance" : 919,
      "activityType" : "WALKING",
      "confidence" : "HIGH",
      "activities" : [ {
        "activityType" : "WALKING",
        "probability" : 87.91292004342674
      }, {
        "activityType" : "IN_PASSENGER_VEHICLE",
        "probability" : 9.963988859440462
      }, {
        "activityType" : "IN_BUS",
        "probability" : 0.7619818059730569
      } ],
      "waypointPath" : {
        "waypoints" : [ {
          "latE7" : 479199905,
          "lngE7" : 1069075851
        }, {
          "latE7" : 479142036,
          "lngE7" : 1069169921
        } ]
      },
      "editConfirmationStatus" : "NOT_CONFIRMED"
    }
  }, {
    "placeVisit" : {
      "location" : {
        "latitudeE7" : 479148428,
        "longitudeE7" : 1069183962,
        "placeId" : "ChIJaS9Gg0iSll0Rek_8APSEeYU",
        "address" : "Ulaanbaatar, Mongolia",
        "name" : "Choijin Lama Museum",
        "sourceInfo" : {
          "deviceTag" : -507012266
        },
        "locationConfidence" : 48.490826
      },
      "duration" : {
        "startTimestampMs" : "1505969955278",
        "endTimestampMs" : "1505971420310"
      },
      "placeConfidence" : "LOW_CONFIDENCE",
      "centerLatE7" : 479149114,
      "centerLngE7" : 1069157971,
      "visitConfidence" : 92,
      "otherCandidateLocations" : [ {
        "latitudeE7" : 479142348,
        "longitudeE7" : 1069176861,
        "placeId" : "ChIJ4bnVkEiSll0RjROo8S0DFkQ",
        "name" : "Millie's Espresso",
        "locationConfidence" : 19.369467
      }, {
        "latitudeE7" : 479152385,
        "longitudeE7" : 1069163955,
        "placeId" : "ChIJsaZhqkiSll0R3C9hirSObkc",
        "name" : "Goyo",
        "locationConfidence" : 11.493395
      }, {
        "latitudeE7" : 479143062,
        "longitudeE7" : 1069178657,
        "placeId" : "ChIJwyIpkUiSll0ReMPepZ4h320",
        "name" : "Millies Restaurant",
        "locationConfidence" : 11.187622
      }, {
        "latitudeE7" : 479137357,
        "longitudeE7" : 1069178320,
        "placeId" : "ChIJvxGc7UiSll0RjYFBBFWkFhg",
        "name" : "UB Mart Shopping Center",
        "locationConfidence" : 2.7292051
      }, {
        "latitudeE7" : 479148341,
        "longitudeE7" : 1069162007,
        "placeId" : "ChIJQT1JrEiSll0RczJd0sYaEJs",
        "name" : "National Library of Mongolia",
        "locationConfidence" : 0.4344478
      }, {
        "latitudeE7" : 479144329,
        "longitudeE7" : 1069155899,
        "placeId" : "ChIJxYZpS0-Sll0RDK0EMMEfK5Q",
        "name" : "Төв номын сангийн",
        "locationConfidence" : 0.31065276
      }, {
        "latitudeE7" : 479147109,
        "longitudeE7" : 1069153273,
        "placeId" : "ChIJV6tiTk-Sll0RWT9oNa_TJkw",
        "name" : "MB Beer Plus",
        "locationConfidence" : 0.3020704
      }, {
        "latitudeE7" : 479148446,
        "longitudeE7" : 1069158903,
        "placeId" : "ChIJRwfMUk-Sll0RYhwFmCfcxDg",
        "name" : "Prof. Renchin Bembaev statue",
        "locationConfidence" : 0.19064578
      }, {
        "latitudeE7" : 479160600,
        "longitudeE7" : 1069163697,
        "placeId" : "ChIJMzwQ40WSll0RQXV6yw25UII",
        "name" : "Central Express",
        "locationConfidence" : 0.17323829
      } ],
      "editConfirmationStatus" : "NOT_CONFIRMED"
    }
  }, {
    "activitySegment" : {
      "startLocation" : {
        "latitudeE7" : 479148428,
        "longitudeE7" : 1069183962
      },
      "endLocation" : {
        "latitudeE7" : 479230720,
        "longitudeE7" : 1069181621
      },
      "duration" : {
        "startTimestampMs" : "1505971420310",
        "endTimestampMs" : "1505973407259"
      },
      "distance" : 693,
      "activityType" : "WALKING",
      "confidence" : "HIGH",
      "activities" : [ {
        "activityType" : "WALKING",
        "probability" : 98.2109212817265
      }, {
        "activityType" : "IN_PASSENGER_VEHICLE",
        "probability" : 0.9551760738600116
      }, {
        "activityType" : "HIKING",
        "probability" : 0.46195464183927504
      } ],
      "waypointPath" : {
        "waypoints" : [ {
          "latE7" : 479149246,
          "lngE7" : 1069188308
        }, {
          "latE7" : 479230804,
          "lngE7" : 1069182510
        } ]
      },
      "editConfirmationStatus" : "NOT_CONFIRMED"
    }
  }, {
    "placeVisit" : {
      "location" : {
        "latitudeE7" : 479230720,
        "longitudeE7" : 1069181621,
        "placeId" : "ChIJTz7CUUKSll0REFvQCUoW2X8",
        "address" : "Ulaanbaatar, Mongolia",
        "name" : "Le Bistrot Fancais",
        "sourceInfo" : {
          "deviceTag" : -507012266
        },
        "locationConfidence" : 97.515015
      },
      "duration" : {
        "startTimestampMs" : "1505973407259",
        "endTimestampMs" : "1505974934822"
      },
      "placeConfidence" : "HIGH_CONFIDENCE",
      "centerLatE7" : 479231721,
      "centerLngE7" : 1069181586,
      "visitConfidence" : 87,
      "otherCandidateLocations" : [ {
        "latitudeE7" : 479228530,
        "longitudeE7" : 1069180580,
        "placeId" : "ChIJER99UkKSll0RBLzJ2aKIYBs",
        "name" : "BSB Computers",
        "locationConfidence" : 0.880672
      }, {
        "latitudeE7" : 479230352,
        "longitudeE7" : 1069188949,
        "placeId" : "ChIJDV-ZLkKSll0RJ4x1V2hHDFo",
        "name" : "National University of Mongolia",
        "locationConfidence" : 0.21225622
      }, {
        "latitudeE7" : 479233661,
        "longitudeE7" : 1069180377,
        "placeId" : "ChIJdRQFYEKSll0RQoMdtFZDWZo",
        "name" : "Gangnam korean restaurant",
        "locationConfidence" : 0.21019325
      }, {
        "latitudeE7" : 479236691,
        "longitudeE7" : 1069179998,
        "placeId" : "ChIJ_U7dUUKSll0RKOzY1GgFRoU",
        "name" : "Le Triskell (French Restaurant)",
        "locationConfidence" : 0.09893404
      }, {
        "latitudeE7" : 479223674,
        "longitudeE7" : 1069175720,
        "placeId" : "ChIJc-SKrkOSll0RWligMxYOcU0",
        "name" : "Shuter",
        "locationConfidence" : 0.086974785
      }, {
        "latitudeE7" : 479229417,
        "longitudeE7" : 1069172808,
        "placeId" : "ChIJh6B-VUKSll0R-QnpX_r1vDc",
        "name" : "Enthusiast Gym",
        "locationConfidence" : 0.05487928
      }, {
        "latitudeE7" : 479234000,
        "longitudeE7" : 1069175867,
        "placeId" : "ChIJc-YCWEKSll0Rt6KcLBqXbzk",
        "name" : "Олон Улс Судлалын Дээд Сургууль",
        "locationConfidence" : 0.04164735
      }, {
        "latitudeE7" : 479226170,
        "longitudeE7" : 1069181010,
        "placeId" : "ChIJyXsXhWeSll0RwV57DZ9SFLE",
        "name" : "Twinkle Cafe",
        "locationConfidence" : 0.031299576
      }, {
        "latitudeE7" : 479222202,
        "longitudeE7" : 1069164651,
        "placeId" : "ChIJKUK-CEOSll0RQ6e5DzWH3qM",
        "name" : "Coffee Kid",
        "locationConfidence" : 0.030314596
      } ],
      "editConfirmationStatus" : "NOT_CONFIRMED"
    }
  }, {
    "activitySegment" : {
      "startLocation" : {
        "latitudeE7" : 479231721,
        "longitudeE7" : 1069181586
      },
      "endLocation" : {
        "latitudeE7" : 483293509,
        "longitudeE7" : 143077591
      },
      "duration" : {
        "startTimestampMs" : "1505974934822",
        "endTimestampMs" : "1506592472201"
      },
      "activityType" : "UNKNOWN_ACTIVITY_TYPE",
      "activities" : [ {
        "activityType" : "UNKNOWN_ACTIVITY_TYPE",
        "probability" : 0.0
      } ],
      "simplifiedRawPath" : {
        "points" : [ {
          "latE7" : 483272820,
          "lngE7" : 143044702,
          "timestampMs" : "1506592454058",
          "accuracyMeters" : 15
        } ]
      }
    }
  }, {
    "placeVisit" : {
      "location" : {
        "latitudeE7" : 483295059,
        "longitudeE7" : 143079796,
        "placeId" : "ChIJH5Nzk0eYc0cRlKIiNB22DJ4",
        "address" : "Billingerstraße 13, 4040 Linz, Österreich",
        "name" : "Billingerstraße 13",
        "sourceInfo" : {
          "deviceTag" : -507012266
        },
        "locationConfidence" : 48.231953
      },
      "duration" : {
        "startTimestampMs" : "1506592472201",
        "endTimestampMs" : "1506593603184"
      },
      "placeConfidence" : "LOW_CONFIDENCE",
      "centerLatE7" : 483293509,
      "centerLngE7" : 143077591,
      "visitConfidence" : 94,
      "otherCandidateLocations" : [ {
        "latitudeE7" : 483293390,
        "longitudeE7" : 143068089,
        "placeId" : "ChIJNaVa5UeYc0cRq4px32uwap0",
        "name" : "Vital&Soul Dialog",
        "locationConfidence" : 46.626816
      }, {
        "latitudeE7" : 483291719,
        "longitudeE7" : 143074811,
        "placeId" : "ChIJH3JlkUeYc0cRgyxPExYvizY",
        "name" : "Technik-Service Technisches Büro f allgemeinen Maschinenbau GesmbH",
        "locationConfidence" : 2.2089179
      }, {
        "latitudeE7" : 483311235,
        "longitudeE7" : 143099527,
        "placeId" : "ChIJB_t7VkaYc0cREcpn3StqVbU",
        "name" : "Biesenfeld",
        "locationConfidence" : 0.608406
      }, {
        "latitudeE7" : 483290028,
        "longitudeE7" : 143084297,
        "placeId" : "ChIJFetjhUeYc0cRtuTCaVyNF1g",
        "name" : "John Cima",
        "locationConfidence" : 0.28670272
      }, {
        "latitudeE7" : 483298100,
        "longitudeE7" : 143093633,
        "placeId" : "ChIJUbuFnkeYc0cRdHQKIXAYujQ",
        "name" : "Kinder- und Jugendspielplatz - Baumgärtelstraße",
        "locationConfidence" : 0.2608523
      }, {
        "latitudeE7" : 483304273,
        "longitudeE7" : 143082346,
        "placeId" : "ChIJ4ZAvyEeYc0cRfxND2CFsrfQ",
        "name" : "Andreas Oismüller",
        "locationConfidence" : 0.2035046
      }, {
        "latitudeE7" : 483286233,
        "longitudeE7" : 143111659,
        "placeId" : "ChIJEWFMXEeYc0cRoiXzsq96vbg",
        "name" : "Dr. Kornelia Schwendtner",
        "locationConfidence" : 0.13361144
      }, {
        "latitudeE7" : 483286415,
        "longitudeE7" : 143075685,
        "placeId" : "ChIJvbNXikeYc0cRG7mwoeNtTJM",
        "name" : "Moll Motor Mechatronische Antriebstechnik GmbH",
        "locationConfidence" : 0.102065444
      }, {
        "latitudeE7" : 483279350,
        "longitudeE7" : 143083436,
        "placeId" : "ChIJrc_yfTiYc0cRBnN7vGtb8YU",
        "name" : "Hofer Linz-Dornach",
        "locationConfidence" : 0.10194681
      } ],
      "editConfirmationStatus" : "NOT_CONFIRMED"
    }
  }, {
    "activitySegment" : {
      "startLocation" : {
        "latitudeE7" : 483295059,
        "longitudeE7" : 143079796
      },
      "endLocation" : {
        "latitudeE7" : 483121307,
        "longitudeE7" : 143001876
      },
      "duration" : {
        "startTimestampMs" : "1506593603184",
        "endTimestampMs" : "1506594352374"
      },
      "distance" : 2828,
      "activityType" : "IN_PASSENGER_VEHICLE",
      "confidence" : "HIGH",
      "activities" : [ {
        "activityType" : "IN_PASSENGER_VEHICLE",
        "probability" : 94.65599691581666
      }, {
        "activityType" : "MOTORCYCLING",
        "probability" : 2.6081512422800315
      }, {
        "activityType" : "IN_BUS",
        "probability" : 1.5293192073532402
      } ],
      "waypointPath" : {
        "waypoints" : [ {
          "latE7" : 483295173,
          "lngE7" : 143079719
        }, {
          "latE7" : 483121223,
          "lngE7" : 142971105
        } ]
      },
      "editConfirmationStatus" : "NOT_CONFIRMED",
      "parkingEvent" : {
        "timestampMs" : "1506594352374",
        "location" : {
          "latitudeE7" : 483121307,
          "longitudeE7" : 143001876,
          "accuracyMetres" : 20
        }
      }
    }
  }, {
    "placeVisit" : {
      "location" : {
        "latitudeE7" : 483118388,
        "longitudeE7" : 142974149,
        "placeId" : "ChIJwQJoNiaYc0cRI4ezDbK8Xrk",
        "address" : "Peter-Behrens-Platz 11, 4020 Linz, Österreich",
        "name" : "Tabakfabrik Linz",
        "sourceInfo" : {
          "deviceTag" : -507012266
        },
        "locationConfidence" : 95.68768
      },
      "duration" : {
        "startTimestampMs" : "1506594352374",
        "endTimestampMs" : "1506602391303"
      },
      "placeConfidence" : "HIGH_CONFIDENCE",
      "childVisits" : [ {
        "location" : {
          "latitudeE7" : 483114449,
          "longitudeE7" : 142988010,
          "placeId" : "ChIJHYbwtieYc0cRUXKt_VRBJ3o",
          "address" : "Peter-Behrens-Platz 10, 4020 Linz, Österreich",
          "name" : "factory300",
          "sourceInfo" : {
            "deviceTag" : -507012266
          },
          "locationConfidence" : 42.285053
        },
        "duration" : {
          "startTimestampMs" : "1506594352374",
          "endTimestampMs" : "1506602391303"
        },
        "placeConfidence" : "MEDIUM_CONFIDENCE",
        "centerLatE7" : 483115368,
        "centerLngE7" : 142990923,
        "visitConfidence" : 89,
        "otherCandidateLocations" : [ {
          "latitudeE7" : 483114449,
          "longitudeE7" : 142988010,
          "placeId" : "ChIJHYbwtieYc0cRyxap_Lq93rs",
          "address" : "Peter-Behrens-Platz 10\n4020 Linz\nÖsterreich",
          "name" : "startup300",
          "locationConfidence" : 41.751945
        }, {
          "latitudeE7" : 483118545,
          "longitudeE7" : 142994938,
          "placeId" : "ChIJQ60vTSaYc0cRSP5edO-N7Ro",
          "name" : "Gerstäcker Linz GmbH",
          "locationConfidence" : 7.234282
        }, {
          "latitudeE7" : 483111875,
          "longitudeE7" : 142984078,
          "placeId" : "ChIJnQDqxyeYc0cRx4RnEYgIh0g",
          "name" : "CREATIVE REGION LINZ & UPPER AUSTRIA",
          "locationConfidence" : 0.8626571
        }, {
          "latitudeE7" : 483118388,
          "longitudeE7" : 142993846,
          "placeId" : "ChIJ-6pOxZyXc0cRv3PaIwQmvUk",
          "name" : "B7 cycling center Linz",
          "locationConfidence" : 0.6572024
        }, {
          "latitudeE7" : 483119897,
          "longitudeE7" : 142994011,
          "placeId" : "ChIJGc86bSaYc0cR8ws2vobM-p0",
          "name" : "Lunik2",
          "locationConfidence" : 0.56695384
        }, {
          "latitudeE7" : 483108098,
          "longitudeE7" : 142987435,
          "placeId" : "ChIJR83XlyeYc0cRi1gF5Jk6PM4",
          "name" : "Wahlarztordination Dr. med. univ. Thomas Ginsel, MSc",
          "locationConfidence" : 0.18103978
        }, {
          "latitudeE7" : 483096814,
          "longitudeE7" : 142993588,
          "placeId" : "ChIJD1JIeCeYc0cRiAt_lMKC4YI",
          "name" : "Sonnenstudio Dream.Sun",
          "locationConfidence" : 0.15510722
        }, {
          "latitudeE7" : 483106098,
          "longitudeE7" : 142989398,
          "placeId" : "ChIJizNXvSeYc0cRhYRvYhoXTSg",
          "name" : "Today Experts Oberösterreich GmbH",
          "locationConfidence" : 0.13767152
        }, {
          "latitudeE7" : 483097552,
          "longitudeE7" : 142995803,
          "placeId" : "ChIJD1JIeCeYc0cRWiY83bMDxXk",
          "name" : "Dr Hartl Johannes",
          "locationConfidence" : 0.08545665
        } ],
        "editConfirmationStatus" : "NOT_CONFIRMED"
      } ],
      "centerLatE7" : 483115368,
      "centerLngE7" : 142990923,
      "visitConfidence" : 89,
      "otherCandidateLocations" : [ {
        "latitudeE7" : 483108098,
        "longitudeE7" : 142987435,
        "placeId" : "ChIJR83XlyeYc0cRi1gF5Jk6PM4",
        "name" : "Wahlarztordination Dr. med. univ. Thomas Ginsel, MSc",
        "locationConfidence" : 0.40967852
      }, {
        "latitudeE7" : 483096814,
        "longitudeE7" : 142993588,
        "placeId" : "ChIJD1JIeCeYc0cRiAt_lMKC4YI",
        "name" : "Sonnenstudio Dream.Sun",
        "locationConfidence" : 0.35099515
      }, {
        "latitudeE7" : 483106098,
        "longitudeE7" : 142989398,
        "placeId" : "ChIJizNXvSeYc0cRhYRvYhoXTSg",
        "name" : "Today Experts Oberösterreich GmbH",
        "locationConfidence" : 0.3115396
      }, {
        "latitudeE7" : 483097552,
        "longitudeE7" : 142995803,
        "placeId" : "ChIJD1JIeCeYc0cRWiY83bMDxXk",
        "name" : "Dr Hartl Johannes",
        "locationConfidence" : 0.19338153
      }, {
        "latitudeE7" : 483107370,
        "longitudeE7" : 142984810,
        "placeId" : "ChIJHRVKUIWXc0cRdHe_J9ybNPA",
        "name" : "Wahlarztordination Dr. Gudrun Piribauer-Döberl",
        "locationConfidence" : 0.17392483
      }, {
        "latitudeE7" : 483128317,
        "longitudeE7" : 142950772,
        "placeId" : "ChIJcfwAvCmYc0cRrbKZRPNGt2Y",
        "name" : "Donau Park",
        "locationConfidence" : 0.15979299
      }, {
        "latitudeE7" : 483101299,
        "longitudeE7" : 142994872,
        "placeId" : "ChIJpQD7foaXc0cRN8v5tpD_B_c",
        "name" : "Rechtsanwaltskammer OÖ",
        "locationConfidence" : 0.14248002
      }, {
        "latitudeE7" : 483096916,
        "longitudeE7" : 142987671,
        "placeId" : "ChIJH-SOhSeYc0cRweqHQUdExRQ",
        "name" : "Oberlandesgericht Linz",
        "locationConfidence" : 0.13749756
      }, {
        "latitudeE7" : 483088632,
        "longitudeE7" : 142984700,
        "placeId" : "ChIJwcV7LoiXc0cRMSzzXOSW-6A",
        "name" : "Tabak Trafik",
        "locationConfidence" : 0.13175963
      } ],
      "editConfirmationStatus" : "NOT_CONFIRMED"
    }
  }, {
    "placeVisit" : {
      "location" : {
        "latitudeE7" : 483118388,
        "longitudeE7" : 142974149,
        "placeId" : "ChIJwQJoNiaYc0cRI4ezDbK8Xrk",
        "address" : "Peter-Behrens-Platz 11, 4020 Linz, Österreich",
        "name" : "Tabakfabrik Linz",
        "sourceInfo" : {
          "deviceTag" : -507012266
        },
        "locationConfidence" : 70.81731
      },
      "duration" : {
        "startTimestampMs" : "1506692602802",
        "endTimestampMs" : "1506705372794"
      },
      "placeConfidence" : "MEDIUM_CONFIDENCE",
      "childVisits" : [ {
        "location" : {
          "latitudeE7" : 483114449,
          "longitudeE7" : 142988010,
          "placeId" : "ChIJHYbwtieYc0cRyxap_Lq93rs",
          "address" : "Peter-Behrens-Platz 10, 4020 Linz, Österreich",
          "name" : "startup300",
          "sourceInfo" : {
            "deviceTag" : -507012266
          },
          "locationConfidence" : 40.518047
        },
        "duration" : {
          "startTimestampMs" : "1506692602802",
          "endTimestampMs" : "1506705372794"
        },
        "placeConfidence" : "MEDIUM_CONFIDENCE",
        "centerLatE7" : 483115321,
        "centerLngE7" : 142990954,
        "visitConfidence" : 91,
        "otherCandidateLocations" : [ {
          "latitudeE7" : 483114449,
          "longitudeE7" : 142988010,
          "placeId" : "ChIJHYbwtieYc0cRUXKt_VRBJ3o",
          "address" : "Peter-Behrens-Platz 10\n4020 Linz\nÖsterreich",
          "name" : "factory300",
          "locationConfidence" : 25.49128
        }, {
          "latitudeE7" : 483118545,
          "longitudeE7" : 142994938,
          "placeId" : "ChIJQ60vTSaYc0cRSP5edO-N7Ro",
          "name" : "Gerstäcker Linz GmbH",
          "locationConfidence" : 2.6609833
        }, {
          "latitudeE7" : 483111875,
          "longitudeE7" : 142984078,
          "placeId" : "ChIJnQDqxyeYc0cRx4RnEYgIh0g",
          "name" : "CREATIVE REGION LINZ & UPPER AUSTRIA",
          "locationConfidence" : 0.41539103
        }, {
          "latitudeE7" : 483119897,
          "longitudeE7" : 142994011,
          "placeId" : "ChIJGc86bSaYc0cR8ws2vobM-p0",
          "name" : "Lunik2",
          "locationConfidence" : 0.328596
        }, {
          "latitudeE7" : 483118388,
          "longitudeE7" : 142993846,
          "placeId" : "ChIJ-6pOxZyXc0cRv3PaIwQmvUk",
          "name" : "B7 cycling center Linz",
          "locationConfidence" : 0.19615075
        }, {
          "latitudeE7" : 483096814,
          "longitudeE7" : 142993588,
          "placeId" : "ChIJD1JIeCeYc0cRiAt_lMKC4YI",
          "name" : "Sonnenstudio Dream.Sun",
          "locationConfidence" : 0.07974522
        }, {
          "latitudeE7" : 483108098,
          "longitudeE7" : 142987435,
          "placeId" : "ChIJR83XlyeYc0cRi1gF5Jk6PM4",
          "name" : "Wahlarztordination Dr. med. univ. Thomas Ginsel, MSc",
          "locationConfidence" : 0.07286581
        }, {
          "latitudeE7" : 483106098,
          "longitudeE7" : 142989398,
          "placeId" : "ChIJizNXvSeYc0cRhYRvYhoXTSg",
          "name" : "Today Experts Oberösterreich GmbH",
          "locationConfidence" : 0.055942968
        }, {
          "latitudeE7" : 483128317,
          "longitudeE7" : 142950772,
          "placeId" : "ChIJcfwAvCmYc0cRrbKZRPNGt2Y",
          "name" : "Donau Park",
          "locationConfidence" : 0.04648887
        } ],
        "editConfirmationStatus" : "NOT_CONFIRMED"
      } ],
      "centerLatE7" : 483115321,
      "centerLngE7" : 142990954,
      "visitConfidence" : 91,
      "otherCandidateLocations" : [ {
        "latitudeE7" : 483115578,
        "longitudeE7" : 142990770,
        "placeId" : "ChIJHYbwtieYc0cRo_UL9QzOleQ",
        "locationConfidence" : 27.589794
      }, {
        "latitudeE7" : 483096814,
        "longitudeE7" : 142993588,
        "placeId" : "ChIJD1JIeCeYc0cRiAt_lMKC4YI",
        "name" : "Sonnenstudio Dream.Sun",
        "locationConfidence" : 0.13937841
      }, {
        "latitudeE7" : 483108098,
        "longitudeE7" : 142987435,
        "placeId" : "ChIJR83XlyeYc0cRi1gF5Jk6PM4",
        "name" : "Wahlarztordination Dr. med. univ. Thomas Ginsel, MSc",
        "locationConfidence" : 0.1273546
      }, {
        "latitudeE7" : 483106098,
        "longitudeE7" : 142989398,
        "placeId" : "ChIJizNXvSeYc0cRhYRvYhoXTSg",
        "name" : "Today Experts Oberösterreich GmbH",
        "locationConfidence" : 0.09777693
      }, {
        "latitudeE7" : 483128317,
        "longitudeE7" : 142950772,
        "placeId" : "ChIJcfwAvCmYc0cRrbKZRPNGt2Y",
        "name" : "Donau Park",
        "locationConfidence" : 0.08125308
      }, {
        "latitudeE7" : 483097552,
        "longitudeE7" : 142995803,
        "placeId" : "ChIJD1JIeCeYc0cRWiY83bMDxXk",
        "name" : "Dr Hartl Johannes",
        "locationConfidence" : 0.066318616
      }, {
        "latitudeE7" : 483107370,
        "longitudeE7" : 142984810,
        "placeId" : "ChIJHRVKUIWXc0cRdHe_J9ybNPA",
        "name" : "Wahlarztordination Dr. Gudrun Piribauer-Döberl",
        "locationConfidence" : 0.059969615
      }, {
        "latitudeE7" : 483088632,
        "longitudeE7" : 142984700,
        "placeId" : "ChIJwcV7LoiXc0cRMSzzXOSW-6A",
        "name" : "Tabak Trafik",
        "locationConfidence" : 0.047396492
      }, {
        "latitudeE7" : 483100152,
        "longitudeE7" : 142979162,
        "placeId" : "ChIJh3vd8SeYc0cRiF305O8ogIA",
        "name" : "Kindergarten Ludlgasse",
        "locationConfidence" : 0.041011438
      } ],
      "editConfirmationStatus" : "NOT_CONFIRMED"
    }
  } ]
}