{
  "timelineObjects" : [ {
    "placeVisit" : {
      "location" : {
        "latitudeE7" : 483377728,
        "longitudeE7" : 133608218,
        "placeId" : "ChIJFWgVf1RBdEcRMaVbbpjDWHE",
        "address" : "Reichersberg 8, 4981 Reichersberg, Österreich",
        "name" : "Stiftskirche",
        "sourceInfo" : {
          "deviceTag" : -507012266
        },
        "locationConfidence" : 45.44369
      },
      "duration" : {
        "startTimestampMs" : "1506957741000",
        "endTimestampMs" : "1506963211905"
      },
      "placeConfidence" : "MEDIUM_CONFIDENCE",
      "centerLatE7" : 483369673,
      "centerLngE7" : 133608644,
      "visitConfidence" : 94,
      "otherCandidateLocations" : [ {
        "latitudeE7" : 483376453,
        "longitudeE7" : 133609759,
        "placeId" : "ChIJL41dh1NBdEcRtXkVTb68FUM",
        "name" : "Stift und Museum Reichersberg",
        "locationConfidence" : 37.9195
      }, {
        "latitudeE7" : 483370578,
        "longitudeE7" : 133609026,
        "placeId" : "ChIJMXR5d1RBdEcRdaI4fnZGYac",
        "name" : "Bildungszentrum Stift Reichersberg",
        "locationConfidence" : 7.7465215
      }, {
        "latitudeE7" : 483368180,
        "longitudeE7" : 133596003,
        "placeId" : "ChIJMXR5d1RBdEcRmMiukWqxONQ",
        "name" : "Franzl's Stiftsrestaurant Reichersberg",
        "locationConfidence" : 3.9024284
      }, {
        "latitudeE7" : 483360322,
        "longitudeE7" : 133604299,
        "placeId" : "ChIJ4c7CpFNBdEcRM1a7Rn_ri20",
        "name" : "Herrengarten Reichersberg",
        "locationConfidence" : 1.9660935
      }, {
        "latitudeE7" : 483374610,
        "longitudeE7" : 133608970,
        "placeId" : "ChIJMXR5d1RBdEcRHV--tG_gbMg",
        "name" : "Augustiner-Chorherrenstift Reichersberg",
        "locationConfidence" : 1.0614986
      }, {
        "latitudeE7" : 483366000,
        "longitudeE7" : 133597000,
        "placeId" : "ChIJty_adFNBdEcRgZJCOPdXjgM",
        "name" : "Museum des Augustiner-Chorherrenstifts",
        "locationConfidence" : 0.6255432
      }, {
        "latitudeE7" : 483366376,
        "longitudeE7" : 133598589,
        "placeId" : "ChIJhbhsdVNBdEcRrPZS0AbnAKo",
        "name" : "Veranstaltungszentrum Stift Reichersberg",
        "locationConfidence" : 0.27805847
      }, {
        "latitudeE7" : 483377934,
        "longitudeE7" : 133614096,
        "placeId" : "ChIJMXR5d1RBdEcRzbrXii0aKtk",
        "name" : "Franzl's Stiftsrestaurant Reichersberg GmbH",
        "locationConfidence" : 0.1523815
      }, {
        "latitudeE7" : 483364464,
        "longitudeE7" : 133594753,
        "placeId" : "ChIJEZKLDFNBdEcRz1yknihGqbg",
        "name" : "Kunststück Atelier - Galerie für bildende und angewangte Kunst",
        "locationConfidence" : 0.12076198
      } ],
      "editConfirmationStatus" : "NOT_CONFIRMED"
    }
  }, {
    "placeVisit" : {
      "location" : {
        "latitudeE7" : 480679939,
        "longitudeE7" : 137837790,
        "placeId" : "ChIJ4cyudOf3c0cRzoGC4MxnR18",
        "address" : "Schlatt 7, 4691 Schlatt, Österreich",
        "name" : "Schlatt 7",
        "semanticType" : "TYPE_SEARCHED_ADDRESS",
        "sourceInfo" : {
          "deviceTag" : -507012266
        },
        "locationConfidence" : 93.40759
      },
      "duration" : {
        "startTimestampMs" : "1506977263729",
        "endTimestampMs" : "1506978729572"
      },
      "placeConfidence" : "HIGH_CONFIDENCE",
      "centerLatE7" : 480680042,
      "centerLngE7" : 137837392,
      "visitConfidence" : 88,
      "otherCandidateLocations" : [ {
        "latitudeE7" : 480676107,
        "longitudeE7" : 137840637,
        "placeId" : "ChIJfetMp-f3c0cRNQ8GhJAcjJg",
        "semanticType" : "TYPE_SEARCHED_ADDRESS",
        "locationConfidence" : 6.2971554
      }, {
        "latitudeE7" : 480680117,
        "longitudeE7" : 137800141,
        "placeId" : "ChIJaapsz-D3c0cRM2QiSjx775A",
        "locationConfidence" : 0.08398725
      }, {
        "latitudeE7" : 480695220,
        "longitudeE7" : 137868153,
        "placeId" : "ChIJp0zQQt33c0cR-wO_2GAOjjc",
        "name" : "Gemüsehof Niedermaier",
        "locationConfidence" : 0.071702085
      }, {
        "latitudeE7" : 480768456,
        "longitudeE7" : 137731357,
        "placeId" : "ChIJG92JBicIdEcRUE76vQOPBUA",
        "name" : "Geißlholz",
        "locationConfidence" : 0.054274283
      }, {
        "latitudeE7" : 480680117,
        "longitudeE7" : 137800141,
        "placeId" : "ChIJaapsz-D3c0cRH0cs5FolonU",
        "locationConfidence" : 0.032776717
      }, {
        "latitudeE7" : 468876191,
        "longitudeE7" : 96569996,
        "placeId" : "ChIJUb40tZ9FiUcRfcV01tx_jAM",
        "name" : "Alps",
        "locationConfidence" : 0.02181153
      }, {
        "latitudeE7" : 480695231,
        "longitudeE7" : 137868168,
        "placeId" : "ChIJZ07QQt33c0cR2TxtGNeAUtk",
        "locationConfidence" : 0.020010613
      }, {
        "latitudeE7" : 480695231,
        "longitudeE7" : 137868168,
        "placeId" : "ChIJZ07QQt33c0cR0qYKZZ9jZLs",
        "locationConfidence" : 0.010690104
      } ],
      "editConfirmationStatus" : "NOT_CONFIRMED"
    }
  }, {
    "activitySegment" : {
      "startLocation" : {
        "latitudeE7" : 480678914,
        "longitudeE7" : 137842722
      },
      "endLocation" : {
        "latitudeE7" : 483700655,
        "longitudeE7" : 145146438
      },
      "duration" : {
        "startTimestampMs" : "1507038606000",
        "endTimestampMs" : "1507042865000"
      },
      "distance" : 89917,
      "activityType" : "IN_PASSENGER_VEHICLE",
      "confidence" : "HIGH",
      "activities" : [ {
        "activityType" : "IN_PASSENGER_VEHICLE",
        "probability" : 99.4819556336312
      }, {
        "activityType" : "WALKING",
        "probability" : 0.3812811827677909
      }, {
        "activityType" : "IN_BUS",
        "probability" : 0.07151494158084352
      } ],
      "waypointPath" : {
        "waypoints" : [ {
          "latE7" : 480678939,
          "lngE7" : 137842531
        }, {
          "latE7" : 480547752,
          "lngE7" : 137762851
        }, {
          "latE7" : 480039291,
          "lngE7" : 139002008
        }, {
          "latE7" : 483698692,
          "lngE7" : 145146226
        } ]
      },
      "simplifiedRawPath" : {
        "points" : [ {
          "latE7" : 480535490,
          "lngE7" : 137766881,
          "timestampMs" : "1507038806000",
          "accuracyMeters" : 4
        } ]
      },
      "editConfirmationStatus" : "NOT_CONFIRMED"
    }
  }, {
    "placeVisit" : {
      "location" : {
        "latitudeE7" : 483683460,
        "longitudeE7" : 145150420,
        "placeId" : "ChIJKy0JOZmmc0cROzK_Fn3YTgk",
        "address" : "Softwarepark 11, 4232 Hagenberg im Mühlkreis, Österreich",
        "name" : "University of Applied Sciences Upper Austria, Campus Hagenberg",
        "sourceInfo" : {
          "deviceTag" : -507012266
        },
        "locationConfidence" : 96.07384
      },
      "duration" : {
        "startTimestampMs" : "1507119797061",
        "endTimestampMs" : "1507120821000"
      },
      "placeConfidence" : "HIGH_CONFIDENCE",
      "childVisits" : [ {
        "location" : {
          "latitudeE7" : 483687309,
          "longitudeE7" : 145140874,
          "placeId" : "ChIJo0k6VJmmc0cRB5Xc1fYDRpo",
          "address" : "Softwarepark 21, 4232 Hagenberg im Mühlkreis, Österreich",
          "name" : "Software Competence Center Hagenberg",
          "sourceInfo" : {
            "deviceTag" : -507012266
          },
          "locationConfidence" : 39.73099
        },
        "duration" : {
          "startTimestampMs" : "1507119797061",
          "endTimestampMs" : "1507120821000"
        },
        "placeConfidence" : "LOW_CONFIDENCE",
        "centerLatE7" : 483688950,
        "centerLngE7" : 145140944,
        "visitConfidence" : 91,
        "otherCandidateLocations" : [ {
          "latitudeE7" : 483695818,
          "longitudeE7" : 145139134,
          "placeId" : "ChIJpZSaQZmmc0cRihsSyR8gO4g",
          "name" : "Hagenberg Software Gmbh",
          "locationConfidence" : 13.461939
        }, {
          "latitudeE7" : 483689794,
          "longitudeE7" : 145137843,
          "placeId" : "ChIJfT3cSJmmc0cRArL9v2OuzxA",
          "name" : "Studentenheim d OÖ Studentenwerk",
          "locationConfidence" : 9.684226
        }, {
          "latitudeE7" : 483695818,
          "longitudeE7" : 145139134,
          "placeId" : "ChIJ4UezV5mmc0cRC3aSuWsXvbo",
          "name" : "Softwarepark Hagenberg",
          "locationConfidence" : 8.146692
        }, {
          "latitudeE7" : 483687879,
          "longitudeE7" : 145149206,
          "placeId" : "ChIJ94LYV5mmc0cRwmNhX9kqLys",
          "name" : "Hagen-BORG-Linz",
          "locationConfidence" : 6.1616306
        }, {
          "latitudeE7" : 483685738,
          "longitudeE7" : 145145247,
          "placeId" : "ChIJo0k6VJmmc0cRjlThpIZzr3o",
          "name" : "Trägerverein OÖ zur Vor- bereitung, Errichtung u. Erhaltung v. Fachhochschulen",
          "locationConfidence" : 1.2176985
        }, {
          "latitudeE7" : 483685738,
          "longitudeE7" : 145145247,
          "placeId" : "ChIJo0k6VJmmc0cRIQy3DKuTHk4",
          "name" : "Programmierfabrik GmbH",
          "locationConfidence" : 1.2062721
        }, {
          "latitudeE7" : 483685738,
          "longitudeE7" : 145145247,
          "placeId" : "ChIJo0k6VJmmc0cRTn_Se49qk3k",
          "name" : "Magna Steyr Fuel Systems GesmbH",
          "locationConfidence" : 1.1445755
        }, {
          "latitudeE7" : 483685740,
          "longitudeE7" : 145145250,
          "placeId" : "ChIJBUk6VJmmc0cRTJDtZt825-4",
          "name" : "UNINET it-consulting GmbH",
          "locationConfidence" : 1.0147954
        }, {
          "latitudeE7" : 483695818,
          "longitudeE7" : 145139134,
          "placeId" : "ChIJpZSaQZmmc0cR4NZfVbLKNYU",
          "name" : "bluesource - mobile solutions gmbh | Hagenberg",
          "locationConfidence" : 0.70603806
        } ],
        "editConfirmationStatus" : "NOT_CONFIRMED"
      } ],
      "centerLatE7" : 483688950,
      "centerLngE7" : 145140944,
      "visitConfidence" : 91,
      "otherCandidateLocations" : [ {
        "latitudeE7" : 483681707,
        "longitudeE7" : 145157866,
        "placeId" : "ChIJpZSaQZmmc0cRLzn8gxqT_mk",
        "name" : "Honeder Naturbackstube",
        "locationConfidence" : 0.6006107
      }, {
        "latitudeE7" : 483689297,
        "longitudeE7" : 145135939,
        "placeId" : "ChIJfT3cSJmmc0cRGP-EuImKjLw",
        "locationConfidence" : 0.4075663
      }, {
        "latitudeE7" : 483674165,
        "longitudeE7" : 145165396,
        "placeId" : "ChIJ3TTUcZymc0cRqGPKoxoDNRE",
        "name" : "Raiffeisenbank Region Pregarten",
        "locationConfidence" : 0.29026315
      }, {
        "latitudeE7" : 483701342,
        "longitudeE7" : 145161153,
        "placeId" : "ChIJxRzZ0Jumc0cR8NEH_ATR9R0",
        "name" : "Pfarrcaritaskindergarten Hagenberg",
        "locationConfidence" : 0.18326502
      }, {
        "latitudeE7" : 483695403,
        "longitudeE7" : 145147465,
        "placeId" : "ChIJQb-LXZmmc0cR3iLkWl9mUII",
        "locationConfidence" : 0.16535784
      }, {
        "latitudeE7" : 483681624,
        "longitudeE7" : 145158254,
        "placeId" : "ChIJ51ch9pumc0cRE3MwE9LoM8c",
        "name" : "Hans-Joachim Neuburger",
        "locationConfidence" : 0.16419359
      }, {
        "latitudeE7" : 483662371,
        "longitudeE7" : 145143530,
        "placeId" : "ChIJm2pnKZymc0cRaKvagove0tA",
        "name" : "Schlossrestaurant Hagenberg",
        "locationConfidence" : 0.15516965
      }, {
        "latitudeE7" : 483695403,
        "longitudeE7" : 145147465,
        "placeId" : "ChIJQb-LXZmmc0cRGaEJfauXrQo",
        "locationConfidence" : 0.14382702
      }, {
        "latitudeE7" : 483660936,
        "longitudeE7" : 145146239,
        "placeId" : "ChIJEQg5rZ2mc0cRAeoAFyzhlVQ",
        "name" : "Gemeindeamt Hagenberg im Mühlkreis",
        "locationConfidence" : 0.14169945
      } ],
      "editConfirmationStatus" : "NOT_CONFIRMED",
      "simplifiedRawPath" : {
        "points" : [ {
          "latE7" : 483698880,
          "lngE7" : 145147181,
          "timestampMs" : "1507119797061",
          "accuracyMeters" : 72
        }, {
          "latE7" : 483688251,
          "lngE7" : 145139973,
          "timestampMs" : "1507120178922",
          "accuracyMeters" : 19
        }, {
          "latE7" : 483688251,
          "lngE7" : 145139973,
          "timestampMs" : "1507120749776",
          "accuracyMeters" : 19
        } ]
      }
    }
  }, {
    "placeVisit" : {
      "location" : {
        "latitudeE7" : 483052537,
        "longitudeE7" : 142899004,
        "placeId" : "ChIJ_QZUKoSXc0cRNp4YiXzzdzQ",
        "address" : "Graben 18, 4020 Linz, Österreich",
        "name" : "Rox",
        "sourceInfo" : {
          "deviceTag" : -507012266
        },
        "locationConfidence" : 80.076805
      },
      "duration" : {
        "startTimestampMs" : "1507227155386",
        "endTimestampMs" : "1507227801393"
      },
      "placeConfidence" : "LOW_CONFIDENCE",
      "centerLatE7" : 483052075,
      "centerLngE7" : 142901450,
      "visitConfidence" : 81,
      "otherCandidateLocations" : [ {
        "latitudeE7" : 483053493,
        "longitudeE7" : 142901833,
        "placeId" : "ChIJ93blf4aXc0cR6TeE0XUKOU8",
        "name" : "DenizBank AG",
        "locationConfidence" : 1.8057033
      }, {
        "latitudeE7" : 483052639,
        "longitudeE7" : 142898817,
        "placeId" : "ChIJDyImK4SXc0cRnbRB9Ry2wmI",
        "name" : "B & F Beratungs- und ErrichtungsgmbH",
        "locationConfidence" : 1.7602544
      }, {
        "latitudeE7" : 483052232,
        "longitudeE7" : 142899332,
        "placeId" : "ChIJDyImK4SXc0cRR8fnYKRc-p0",
        "name" : "Moser Reisen Gesellschaft m.b.H.",
        "locationConfidence" : 0.7855037
      }, {
        "latitudeE7" : 483039421,
        "longitudeE7" : 142880800,
        "placeId" : "ChIJ-074Q4SXc0cR-FsHFfZp5pM",
        "name" : "H&M",
        "locationConfidence" : 0.72024554
      }, {
        "latitudeE7" : 483058593,
        "longitudeE7" : 142864564,
        "placeId" : "ChIJ5S2Q_4OXc0cRHilFaOB0Jxw",
        "name" : "Dreifaltigkeitssäule",
        "locationConfidence" : 0.6434765
      }, {
        "latitudeE7" : 483030108,
        "longitudeE7" : 142899165,
        "placeId" : "ChIJ1c_HqIWXc0cRk2EM3-JEi9I",
        "name" : "Passage Linz",
        "locationConfidence" : 0.6294888
      }, {
        "latitudeE7" : 483041743,
        "longitudeE7" : 142885392,
        "placeId" : "ChIJS_yxR4SXc0cR6AcGNLIzq_4",
        "name" : "McDonald's",
        "locationConfidence" : 0.31463757
      }, {
        "latitudeE7" : 483044214,
        "longitudeE7" : 142866871,
        "placeId" : "ChIJYUn7CoSXc0cRR344XsSxo14",
        "name" : "L'Osteria Linz",
        "locationConfidence" : 0.25791466
      }, {
        "latitudeE7" : 483056554,
        "longitudeE7" : 142884120,
        "placeId" : "ChIJuU1eoIaXc0cRr6JiL3srzug",
        "name" : "by preslmayer",
        "locationConfidence" : 0.24935716
      } ],
      "editConfirmationStatus" : "NOT_CONFIRMED"
    }
  }, {
    "placeVisit" : {
      "location" : {
        "latitudeE7" : 481928230,
        "longitudeE7" : 163491176,
        "placeId" : "ChIJzQmOWCeobUcRbgPcU8bWn1Q",
        "address" : "Gumpendorfer Straße 91-93, 1060 Wien, Österreich",
        "name" : "BILLA AG",
        "sourceInfo" : {
          "deviceTag" : -507012266
        },
        "locationConfidence" : 44.946873
      },
      "duration" : {
        "startTimestampMs" : "1507357807466",
        "endTimestampMs" : "1507358156000"
      },
      "placeConfidence" : "LOW_CONFIDENCE",
      "centerLatE7" : 481930106,
      "centerLngE7" : 163493712,
      "visitConfidence" : 86,
      "otherCandidateLocations" : [ {
        "latitudeE7" : 481952044,
        "longitudeE7" : 163503888,
        "placeId" : "ChIJbaeRm4kHbUcRSbvnLR2jm18",
        "semanticType" : "TYPE_SEARCHED_ADDRESS",
        "locationConfidence" : 18.72514
      }, {
        "latitudeE7" : 481951163,
        "longitudeE7" : 163494182,
        "placeId" : "ChIJnSEMhokHbUcR7a16cQgcDtA",
        "name" : "Café Jelinek",
        "locationConfidence" : 1.3308152
      }, {
        "latitudeE7" : 481913930,
        "longitudeE7" : 163474846,
        "placeId" : "ChIJb-1LLieobUcRYK_CUnBmA6E",
        "name" : "Disco Volante",
        "locationConfidence" : 1.1560864
      }, {
        "latitudeE7" : 481933388,
        "longitudeE7" : 163494190,
        "placeId" : "ChIJ3TrU44kHbUcRHUEMZU2r1Ng",
        "name" : "Hirschengasse",
        "locationConfidence" : 1.1303022
      }, {
        "latitudeE7" : 481933950,
        "longitudeE7" : 163491893,
        "placeId" : "ChIJyaEl44kHbUcR6Cf4gwiEbAc",
        "name" : "Österreichische Volkspartei",
        "locationConfidence" : 0.79812706
      }, {
        "latitudeE7" : 481933627,
        "longitudeE7" : 163493292,
        "placeId" : "ChIJrU-244kHbUcR-TUQspAD_Hg",
        "name" : "Hirschengasse",
        "locationConfidence" : 0.77067924
      }, {
        "latitudeE7" : 481922921,
        "longitudeE7" : 163492963,
        "placeId" : "ChIJTSrhaSeobUcRhIxM45p7TEI",
        "name" : "MINIRESTAURANT",
        "locationConfidence" : 0.7649376
      }, {
        "latitudeE7" : 481926888,
        "longitudeE7" : 163491098,
        "placeId" : "ChIJZ9zsWyeobUcREC5DAYUzOQM",
        "name" : "Kolber",
        "locationConfidence" : 0.7625611
      }, {
        "latitudeE7" : 481929091,
        "longitudeE7" : 163492399,
        "placeId" : "ChIJc6wG4okHbUcRGc2euOPiKQc",
        "name" : "Thai Isaan Kitchen",
        "locationConfidence" : 0.62017924
      } ],
      "editConfirmationStatus" : "NOT_CONFIRMED"
    }
  }, {
    "activitySegment" : {
      "startLocation" : {
        "latitudeE7" : 481928230,
        "longitudeE7" : 163491176
      },
      "endLocation" : {
        "latitudeE7" : 481974660,
        "longitudeE7" : 163446062
      },
      "duration" : {
        "startTimestampMs" : "1507358156000",
        "endTimestampMs" : "1507358825834"
      },
      "distance" : 789,
      "activityType" : "WALKING",
      "confidence" : "HIGH",
      "activities" : [ {
        "activityType" : "WALKING",
        "probability" : 97.06815678228715
      }, {
        "activityType" : "IN_SUBWAY",
        "probability" : 2.0595550941309098
      }, {
        "activityType" : "IN_BUS",
        "probability" : 0.30557498679902
      } ],
      "waypointPath" : {
        "waypoints" : [ {
          "latE7" : 481928367,
          "lngE7" : 163490638
        }, {
          "latE7" : 481963081,
          "lngE7" : 163417625
        } ]
      },
      "editConfirmationStatus" : "NOT_CONFIRMED"
    }
  }, {
    "activitySegment" : {
      "startLocation" : {
        "latitudeE7" : 481971524,
        "longitudeE7" : 163462028
      },
      "endLocation" : {
        "latitudeE7" : 482080068,
        "longitudeE7" : 163712309
      },
      "duration" : {
        "startTimestampMs" : "1507358825834",
        "endTimestampMs" : "1507359508299"
      },
      "distance" : 2587,
      "activityType" : "IN_SUBWAY",
      "confidence" : "HIGH",
      "activities" : [ {
        "activityType" : "IN_SUBWAY",
        "probability" : 88.21549907560522
      }, {
        "activityType" : "WALKING",
        "probability" : 6.547646425072257
      }, {
        "activityType" : "IN_TRAIN",
        "probability" : 4.161219931408978
      } ],
      "transitPath" : {
        "transitStops" : [ {
          "latitudeE7" : 481971524,
          "longitudeE7" : 163462028,
          "placeId" : "ChIJh8RBDosHbUcRc0i0LbPgHAg",
          "name" : "Zieglergasse"
        }, {
          "latitudeE7" : 482080068,
          "longitudeE7" : 163712309,
          "placeId" : "ChIJQ-lZKZ8HbUcRLnHPUlkyNqE",
          "name" : "Stephansplatz"
        } ],
        "name" : "U3",
        "hexRgbColor" : "F57C00"
      },
      "simplifiedRawPath" : {
        "points" : [ {
          "latE7" : 481963287,
          "lngE7" : 163397298,
          "timestampMs" : "1507358830215",
          "accuracyMeters" : 500
        } ]
      },
      "editConfirmationStatus" : "NOT_CONFIRMED"
    }
  }, {
    "activitySegment" : {
      "startLocation" : {
        "latitudeE7" : 482080068,
        "longitudeE7" : 163712309
      },
      "endLocation" : {
        "latitudeE7" : 482190642,
        "longitudeE7" : 163916398
      },
      "duration" : {
        "startTimestampMs" : "1507359508299",
        "endTimestampMs" : "1507359849532"
      },
      "distance" : 1995,
      "activityType" : "IN_SUBWAY",
      "confidence" : "HIGH",
      "activities" : [ {
        "activityType" : "IN_SUBWAY",
        "probability" : 88.21549907560522
      }, {
        "activityType" : "WALKING",
        "probability" : 6.547646425072257
      }, {
        "activityType" : "IN_TRAIN",
        "probability" : 4.161219931408978
      } ],
      "transitPath" : {
        "transitStops" : [ {
          "latitudeE7" : 482080068,
          "longitudeE7" : 163712309,
          "placeId" : "ChIJQ-lZKZ8HbUcRLnHPUlkyNqE",
          "name" : "Stephansplatz"
        }, {
          "latitudeE7" : 482190642,
          "longitudeE7" : 163916398,
          "placeId" : "ChIJqyJ_cwYHbUcRkPqtvvE4qbE",
          "name" : "Praterstern"
        } ],
        "name" : "U1",
        "hexRgbColor" : "D50000"
      },
      "editConfirmationStatus" : "NOT_CONFIRMED"
    }
  }, {
    "activitySegment" : {
      "startLocation" : {
        "latitudeE7" : 482188960,
        "longitudeE7" : 163927252
      },
      "endLocation" : {
        "latitudeE7" : 482184680,
        "longitudeE7" : 163893310
      },
      "duration" : {
        "startTimestampMs" : "1507359849532",
        "endTimestampMs" : "1507360249624"
      },
      "distance" : 627,
      "activityType" : "WALKING",
      "confidence" : "HIGH",
      "activities" : [ {
        "activityType" : "WALKING",
        "probability" : 92.08265030930825
      }, {
        "activityType" : "IN_SUBWAY",
        "probability" : 3.571710212406235
      }, {
        "activityType" : "IN_TRAIN",
        "probability" : 2.6584610063959415
      } ],
      "waypointPath" : {
        "waypoints" : [ {
          "latE7" : 482193527,
          "lngE7" : 163931732
        }, {
          "latE7" : 482173233,
          "lngE7" : 163923358
        }, {
          "latE7" : 482172813,
          "lngE7" : 163918228
        }, {
          "latE7" : 482175483,
          "lngE7" : 163906421
        }, {
          "latE7" : 482185211,
          "lngE7" : 163893947
        } ]
      },
      "simplifiedRawPath" : {
        "points" : [ {
          "latE7" : 482173080,
          "lngE7" : 163923588,
          "timestampMs" : "1507360007000",
          "accuracyMeters" : 6
        }, {
          "latE7" : 482171898,
          "lngE7" : 163915806,
          "timestampMs" : "1507360053000",
          "accuracyMeters" : 7
        }, {
          "latE7" : 482176399,
          "lngE7" : 163907585,
          "timestampMs" : "1507360114000",
          "accuracyMeters" : 7
        } ]
      },
      "editConfirmationStatus" : "NOT_CONFIRMED"
    }
  }, {
    "placeVisit" : {
      "location" : {
        "latitudeE7" : 482183087,
        "longitudeE7" : 163894548,
        "placeId" : "ChIJl6taIQYHbUcRG5LfC9ZqFbo",
        "address" : "Heinestraße 40, 1020 Wien, Österreich",
        "name" : "Heinestraße 40",
        "sourceInfo" : {
          "deviceTag" : -507012266
        },
        "locationConfidence" : 49.225746
      },
      "duration" : {
        "startTimestampMs" : "1507360249624",
        "endTimestampMs" : "1507379330807"
      },
      "placeConfidence" : "MEDIUM_CONFIDENCE",
      "centerLatE7" : 482184067,
      "centerLngE7" : 163892708,
      "visitConfidence" : 88,
      "otherCandidateLocations" : [ {
        "latitudeE7" : 482190800,
        "longitudeE7" : 163921540,
        "placeId" : "ChIJt-5d3wUHbUcRP1Pso-OUU4k",
        "name" : "Wien Praterstern Bahnhof",
        "locationConfidence" : 18.085787
      }, {
        "latitudeE7" : 482190642,
        "longitudeE7" : 163916398,
        "placeId" : "ChIJqyJ_cwYHbUcRkPqtvvE4qbE",
        "name" : "Praterstern",
        "locationConfidence" : 3.9653966
      }, {
        "latitudeE7" : 482185235,
        "longitudeE7" : 163922400,
        "placeId" : "ChIJRx0N4QUHbUcR3w1xp8gPFbA",
        "name" : "BILLA AG",
        "locationConfidence" : 3.909484
      }, {
        "latitudeE7" : 482187451,
        "longitudeE7" : 163919642,
        "placeId" : "ChIJZ0R44AUHbUcR9BOakBKIncU",
        "name" : "Praterstern",
        "locationConfidence" : 1.4390311
      }, {
        "latitudeE7" : 482186810,
        "longitudeE7" : 163930260,
        "placeId" : "ChIJg6nT6QUHbUcRdD0mcmQuxTQ",
        "name" : "Praterstern Bf",
        "locationConfidence" : 1.1850812
      }, {
        "latitudeE7" : 482191061,
        "longitudeE7" : 163915770,
        "placeId" : "ChIJ75eYcwYHbUcRZGN0w7StpYA",
        "name" : "Praterstern",
        "locationConfidence" : 0.9759667
      }, {
        "latitudeE7" : 482172469,
        "longitudeE7" : 163899225,
        "placeId" : "ChIJtSvVuggHbUcR_rEDK3WYKbg",
        "name" : "First in Fashion",
        "locationConfidence" : 0.69557863
      }, {
        "latitudeE7" : 482184909,
        "longitudeE7" : 163891083,
        "placeId" : "ChIJrfF4JQYHbUcRHhoRFKTJKBA",
        "name" : "Austrian Standards",
        "locationConfidence" : 0.69004697
      }, {
        "latitudeE7" : 482189206,
        "longitudeE7" : 163921698,
        "placeId" : "ChIJL8m43wUHbUcRmoXcuqafbvg",
        "name" : "Praterstern",
        "locationConfidence" : 0.5002997
      } ],
      "editConfirmationStatus" : "NOT_CONFIRMED"
    }
  }, {
    "placeVisit" : {
      "location" : {
        "latitudeE7" : 480682030,
        "longitudeE7" : 137841120,
        "placeId" : "ChIJ4cyudOf3c0cRzoGC4MxnR18",
        "address" : "Schlatt 7\n4691 Schlatt\nÖsterreich",
        "name" : "Schlatt 7",
        "sourceInfo" : {
          "deviceTag" : -507012266
        },
        "locationConfidence" : 93.669075
      },
      "duration" : {
        "startTimestampMs" : "1507741959478",
        "endTimestampMs" : "1507742595324"
      },
      "placeConfidence" : "HIGH_CONFIDENCE",
      "centerLatE7" : 480680338,
      "centerLngE7" : 137838408,
      "visitConfidence" : 93,
      "otherCandidateLocations" : [ {
        "latitudeE7" : 480676107,
        "longitudeE7" : 137840637,
        "placeId" : "ChIJfetMp-f3c0cRNQ8GhJAcjJg",
        "semanticType" : "TYPE_SEARCHED_ADDRESS",
        "locationConfidence" : 5.870234
      }, {
        "latitudeE7" : 480680117,
        "longitudeE7" : 137800141,
        "placeId" : "ChIJaapsz-D3c0cRM2QiSjx775A",
        "locationConfidence" : 0.15025231
      }, {
        "latitudeE7" : 480768456,
        "longitudeE7" : 137731357,
        "placeId" : "ChIJG92JBicIdEcRUE76vQOPBUA",
        "name" : "Geißlholz",
        "locationConfidence" : 0.09655062
      }, {
        "latitudeE7" : 480695220,
        "longitudeE7" : 137868153,
        "placeId" : "ChIJp0zQQt33c0cR-wO_2GAOjjc",
        "name" : "Gemüsehof Niedermaier",
        "locationConfidence" : 0.06192913
      }, {
        "latitudeE7" : 480680117,
        "longitudeE7" : 137800141,
        "placeId" : "ChIJaapsz-D3c0cRH0cs5FolonU",
        "locationConfidence" : 0.049565207
      }, {
        "latitudeE7" : 480695231,
        "longitudeE7" : 137868168,
        "placeId" : "ChIJZ07QQt33c0cR0qYKZZ9jZLs",
        "locationConfidence" : 0.037307657
      }, {
        "latitudeE7" : 480695231,
        "longitudeE7" : 137868168,
        "placeId" : "ChIJZ07QQt33c0cR2TxtGNeAUtk",
        "locationConfidence" : 0.033733148
      }, {
        "latitudeE7" : 468876191,
        "longitudeE7" : 96569996,
        "placeId" : "ChIJUb40tZ9FiUcRfcV01tx_jAM",
        "name" : "Alps",
        "locationConfidence" : 0.03135402
      } ],
      "editConfirmationStatus" : "NOT_CONFIRMED"
    }
  }, {
    "activitySegment" : {
      "startLocation" : {
        "latitudeE7" : 480682386,
        "longitudeE7" : 137847915
      },
      "endLocation" : {
        "latitudeE7" : 480682030,
        "longitudeE7" : 137841120
      },
      "duration" : {
        "startTimestampMs" : "1507742595324",
        "endTimestampMs" : "1507744104017"
      },
      "distance" : 4949,
      "activityType" : "RUNNING",
      "confidence" : "HIGH",
      "activities" : [ {
        "activityType" : "RUNNING",
        "probability" : 98.61626986292141
      }, {
        "activityType" : "WALKING",
        "probability" : 1.3373456540798325
      }, {
        "activityType" : "IN_PASSENGER_VEHICLE",
        "probability" : 0.027401924451616655
      } ],
      "waypointPath" : {
        "waypoints" : [ {
          "latE7" : 480681953,
          "lngE7" : 137848329
        }, {
          "latE7" : 480784225,
          "lngE7" : 137868213
        }, {
          "latE7" : 480809173,
          "lngE7" : 138022727
        }, {
          "latE7" : 480684356,
          "lngE7" : 137855148
        } ]
      },
      "simplifiedRawPath" : {
        "points" : [ {
          "latE7" : 480784683,
          "lngE7" : 137867832,
          "timestampMs" : "1507742997000",
          "accuracyMeters" : 4
        }, {
          "latE7" : 480808983,
          "lngE7" : 138022470,
          "timestampMs" : "1507743354000",
          "accuracyMeters" : 6
        } ]
      },
      "editConfirmationStatus" : "NOT_CONFIRMED"
    }
  }, {
    "placeVisit" : {
      "location" : {
        "latitudeE7" : 480682030,
        "longitudeE7" : 137841120,
        "placeId" : "ChIJ4cyudOf3c0cRzoGC4MxnR18",
        "address" : "Schlatt 7\n4691 Schlatt\nÖsterreich",
        "name" : "Schlatt 7",
        "sourceInfo" : {
          "deviceTag" : -507012266
        },
        "locationConfidence" : 94.995674
      },
      "duration" : {
        "startTimestampMs" : "1507744104017",
        "endTimestampMs" : "1507744595178"
      },
      "placeConfidence" : "HIGH_CONFIDENCE",
      "centerLatE7" : 480680808,
      "centerLngE7" : 137840877,
      "visitConfidence" : 82,
      "otherCandidateLocations" : [ {
        "latitudeE7" : 480676107,
        "longitudeE7" : 137840637,
        "placeId" : "ChIJfetMp-f3c0cRNQ8GhJAcjJg",
        "semanticType" : "TYPE_SEARCHED_ADDRESS",
        "locationConfidence" : 4.578938
      }, {
        "latitudeE7" : 480680117,
        "longitudeE7" : 137800141,
        "placeId" : "ChIJaapsz-D3c0cRM2QiSjx775A",
        "locationConfidence" : 0.13580246
      }, {
        "latitudeE7" : 480768456,
        "longitudeE7" : 137731357,
        "placeId" : "ChIJG92JBicIdEcRUE76vQOPBUA",
        "name" : "Geißlholz",
        "locationConfidence" : 0.09137883
      }, {
        "latitudeE7" : 480695220,
        "longitudeE7" : 137868153,
        "placeId" : "ChIJp0zQQt33c0cR-wO_2GAOjjc",
        "name" : "Gemüsehof Niedermaier",
        "locationConfidence" : 0.060309123
      }, {
        "latitudeE7" : 480680117,
        "longitudeE7" : 137800141,
        "placeId" : "ChIJaapsz-D3c0cRH0cs5FolonU",
        "locationConfidence" : 0.03981043
      }, {
        "latitudeE7" : 480695231,
        "longitudeE7" : 137868168,
        "placeId" : "ChIJZ07QQt33c0cR0qYKZZ9jZLs",
        "locationConfidence" : 0.035674695
      }, {
        "latitudeE7" : 480695231,
        "longitudeE7" : 137868168,
        "placeId" : "ChIJZ07QQt33c0cR2TxtGNeAUtk",
        "locationConfidence" : 0.03296661
      }, {
        "latitudeE7" : 468876191,
        "longitudeE7" : 96569996,
        "placeId" : "ChIJUb40tZ9FiUcRfcV01tx_jAM",
        "name" : "Alps",
        "locationConfidence" : 0.029446047
      } ],
      "editConfirmationStatus" : "NOT_CONFIRMED"
    }
  } ]
}