{
  "timelineObjects" : [ {
    "activitySegment" : {
      "startLocation" : {
        "latitudeE7" : 481144984,
        "longitudeE7" : 136769732
      },
      "endLocation" : {
        "latitudeE7" : 478434489,
        "longitudeE7" : 132753020
      },
      "duration" : {
        "startTimestampMs" : "1525271088119",
        "endTimestampMs" : "1525271506397"
      },
      "distance" : 266,
      "activityType" : "WALKING",
      "confidence" : "LOW",
      "activities" : [ {
        "activityType" : "WALKING",
        "probability" : 57.58406732308732
      }, {
        "activityType" : "IN_PASSENGER_VEHICLE",
        "probability" : 37.907072174677694
      }, {
        "activityType" : "IN_BUS",
        "probability" : 0.9986343364757814
      } ],
      "editConfirmationStatus" : "NOT_CONFIRMED"
    }
  }, {
    "activitySegment" : {
      "startLocation" : {
        "latitudeE7" : 478434489,
        "longitudeE7" : 132753020,
        "sourceInfo" : {
          "deviceTag" : 1858679629
        }
      },
      "endLocation" : {
        "latitudeE7" : 472584620,
        "longitudeE7" : 114105121,
        "sourceInfo" : {
          "deviceTag" : 1858679629
        }
      },
      "duration" : {
        "startTimestampMs" : "1525450173041",
        "endTimestampMs" : "1525460717059"
      },
      "distance" : 157456,
      "activityType" : "IN_PASSENGER_VEHICLE",
      "confidence" : "HIGH",
      "activities" : [ {
        "activityType" : "IN_PASSENGER_VEHICLE",
        "probability" : 87.95851792794609
      }, {
        "activityType" : "IN_BUS",
        "probability" : 9.90555521364444
      }, {
        "activityType" : "WALKING",
        "probability" : 1.7205379698826833
      } ],
      "waypointPath" : {
        "waypoints" : [ {
          "latE7" : 478432884,
          "lngE7" : 132753114
        }, {
          "latE7" : 478548851,
          "lngE7" : 132199487
        }, {
          "latE7" : 478390502,
          "lngE7" : 130561265
        }, {
          "latE7" : 472547683,
          "lngE7" : 114206552
        }, {
          "latE7" : 472585144,
          "lngE7" : 114105033
        } ]
      },
      "simplifiedRawPath" : {
        "points" : [ {
          "latE7" : 478389036,
          "lngE7" : 130560192,
          "timestampMs" : "1525450839000",
          "accuracyMeters" : 16
        } ]
      },
      "editConfirmationStatus" : "NOT_CONFIRMED",
      "parkingEvent" : {
        "timestampMs" : "1525460717059",
        "location" : {
          "latitudeE7" : 472584620,
          "longitudeE7" : 114105121,
          "accuracyMetres" : 174
        }
      }
    }
  }, {
    "placeVisit" : {
      "location" : {
        "latitudeE7" : 472579388,
        "longitudeE7" : 114094878,
        "placeId" : "ChIJ9_sBlVxpnUcRqanXsNngO3w",
        "address" : "Olympiastraße 10, 6020 Innsbruck, Österreich",
        "name" : "Olympiaworld",
        "sourceInfo" : {
          "deviceTag" : 1858679629
        },
        "locationConfidence" : 35.203854
      },
      "duration" : {
        "startTimestampMs" : "1525460717059",
        "endTimestampMs" : "1525529893000"
      },
      "placeConfidence" : "MEDIUM_CONFIDENCE",
      "centerLatE7" : 472582562,
      "centerLngE7" : 114116046,
      "visitConfidence" : 61,
      "otherCandidateLocations" : [ {
        "latitudeE7" : 472560166,
        "longitudeE7" : 114111694,
        "placeId" : "ChIJH7BFIUNpnUcRkBwfFtHyJIw",
        "name" : "Innsbruck Stadium",
        "locationConfidence" : 14.899591
      }, {
        "latitudeE7" : 472584965,
        "longitudeE7" : 114112782,
        "placeId" : "ChIJTbRsU1tpnUcRtCGiB1sTZGE",
        "name" : "Kreisverkehr Olympia",
        "locationConfidence" : 12.653937
      }, {
        "latitudeE7" : 472580728,
        "longitudeE7" : 114106911,
        "placeId" : "ChIJ9_sBlVxpnUcRAmYYorYYL1c",
        "name" : "Tiroler Wasserkraft Arena",
        "locationConfidence" : 6.8229604
      }, {
        "latitudeE7" : 472575171,
        "longitudeE7" : 114114117,
        "placeId" : "ChIJOblgRkNpnUcR8wOrxT8PJAM",
        "name" : "Landessportcenter Tirol",
        "locationConfidence" : 6.703308
      }, {
        "latitudeE7" : 472588830,
        "longitudeE7" : 114101900,
        "placeId" : "ChIJzezHWltpnUcR6Z1aoEGhnXM",
        "name" : "Ramada Innsbruck Tivoli",
        "locationConfidence" : 6.404049
      }, {
        "latitudeE7" : 472578575,
        "longitudeE7" : 114115179,
        "placeId" : "ChIJL5uFW0NpnUcRqqWkvrMJul8",
        "name" : "Olympiaworld-Landessportcenter",
        "locationConfidence" : 3.870734
      }, {
        "latitudeE7" : 472603680,
        "longitudeE7" : 114075680,
        "placeId" : "ChIJ9QCUultpnUcRDi7M-D8h7xg",
        "name" : "Freibad Tivoli",
        "locationConfidence" : 1.7627974
      }, {
        "latitudeE7" : 472571840,
        "longitudeE7" : 114119726,
        "placeId" : "ChIJiXr5QUNpnUcREHqUIb_7Fh0",
        "name" : "Olympia Park",
        "locationConfidence" : 1.0673666
      }, {
        "latitudeE7" : 472582050,
        "longitudeE7" : 114110420,
        "placeId" : "ChIJtUkem1xpnUcRHWfh77zLa4k",
        "name" : "Hockey Shop Bohner - Pfisterer-Bohner OG",
        "locationConfidence" : 0.8112319
      } ],
      "editConfirmationStatus" : "NOT_CONFIRMED"
    }
  }, {
    "activitySegment" : {
      "startLocation" : {
        "latitudeE7" : 472579388,
        "longitudeE7" : 114094878,
        "sourceInfo" : {
          "deviceTag" : 1858679629
        }
      },
      "endLocation" : {
        "latitudeE7" : 472601889,
        "longitudeE7" : 114183611,
        "sourceInfo" : {
          "deviceTag" : 1858679629
        }
      },
      "duration" : {
        "startTimestampMs" : "1525529893000",
        "endTimestampMs" : "1525530312000"
      },
      "distance" : 397,
      "activityType" : "WALKING",
      "confidence" : "HIGH",
      "activities" : [ {
        "activityType" : "WALKING",
        "probability" : 97.65963473554271
      }, {
        "activityType" : "IN_PASSENGER_VEHICLE",
        "probability" : 1.671588450895493
      }, {
        "activityType" : "CYCLING",
        "probability" : 0.2745073852849158
      } ],
      "waypointPath" : {
        "waypoints" : [ {
          "latE7" : 472582473,
          "lngE7" : 114093885
        }, {
          "latE7" : 472586326,
          "lngE7" : 114111366
        }, {
          "latE7" : 472602691,
          "lngE7" : 114183149
        } ]
      },
      "simplifiedRawPath" : {
        "points" : [ {
          "latE7" : 472587520,
          "lngE7" : 114127884,
          "timestampMs" : "1525529893000",
          "accuracyMeters" : 10
        } ]
      },
      "editConfirmationStatus" : "NOT_CONFIRMED"
    }
  }, {
    "placeVisit" : {
      "location" : {
        "latitudeE7" : 472601889,
        "longitudeE7" : 114183611,
        "placeId" : "ChIJzzLVfUZpnUcR0Kvs18E5O0A",
        "address" : "Burgenlandstraße 15, 6020 Innsbruck, Österreich",
        "name" : "Stärz- Tirol Transportbegleitung",
        "sourceInfo" : {
          "deviceTag" : 1858679629
        },
        "locationConfidence" : 62.502872
      },
      "duration" : {
        "startTimestampMs" : "1525530312000",
        "endTimestampMs" : "1525533623000"
      },
      "placeConfidence" : "LOW_CONFIDENCE",
      "centerLatE7" : 472585913,
      "centerLngE7" : 114137734,
      "visitConfidence" : 85,
      "otherCandidateLocations" : [ {
        "latitudeE7" : 472606064,
        "longitudeE7" : 114180487,
        "placeId" : "ChIJN7XJFORrnUcR-VATCURQTZs",
        "name" : "FOUR SEASONS TRAVEL",
        "locationConfidence" : 16.727434
      }, {
        "latitudeE7" : 472582438,
        "longitudeE7" : 114200439,
        "placeId" : "ChIJu8_p2UZpnUcRmhEmQ5Spmfs",
        "name" : "Ost-Friedhof Innsbruck",
        "locationConfidence" : 3.150843
      }, {
        "latitudeE7" : 472612974,
        "longitudeE7" : 114161280,
        "placeId" : "ChIJN3slvUVpnUcRvIzEqFyBaYk",
        "name" : "Bundesheer Stellungskommision",
        "locationConfidence" : 2.3227289
      }, {
        "latitudeE7" : 472603489,
        "longitudeE7" : 114167928,
        "placeId" : "ChIJsyM1ykVpnUcRHdWvi0Fxvpo",
        "name" : "Pfarramt St Norbert",
        "locationConfidence" : 1.6369325
      }, {
        "latitudeE7" : 472606064,
        "longitudeE7" : 114180486,
        "placeId" : "ChIJEQiI10VpnUcR6aBwIOVEfrk",
        "name" : "Haushahn Aufzüge GmbH",
        "locationConfidence" : 1.6078113
      }, {
        "latitudeE7" : 472609090,
        "longitudeE7" : 114214610,
        "placeId" : "ChIJvyRdNUZpnUcRb_8FbtxJUpw",
        "name" : "BP",
        "locationConfidence" : 1.1017518
      }, {
        "latitudeE7" : 472605590,
        "longitudeE7" : 114183940,
        "placeId" : "ChIJ52bUeUZpnUcRYQSqGRK7vg8",
        "name" : "Klingler Bettenstudio GmbH",
        "locationConfidence" : 0.7183209
      }, {
        "latitudeE7" : 472601553,
        "longitudeE7" : 114206851,
        "placeId" : "ChIJb0cOUUZpnUcRv1moGNWe_Xc",
        "name" : "MPREIS Warenvertriebs GesmbH",
        "locationConfidence" : 0.559515
      }, {
        "latitudeE7" : 472611240,
        "longitudeE7" : 114181730,
        "placeId" : "ChIJYRlJ3kVpnUcR5wuwOqte41g",
        "name" : "Trattoria Pizzeria \"LA VICINA\"",
        "locationConfidence" : 0.53096557
      } ],
      "editConfirmationStatus" : "NOT_CONFIRMED"
    }
  }, {
    "activitySegment" : {
      "startLocation" : {
        "latitudeE7" : 472585913,
        "longitudeE7" : 114137734
      },
      "endLocation" : {
        "latitudeE7" : 480677054,
        "longitudeE7" : 137840863,
        "sourceInfo" : {
          "deviceTag" : 1858679629
        }
      },
      "duration" : {
        "startTimestampMs" : "1525533623000",
        "endTimestampMs" : "1525710466000"
      },
      "activityType" : "UNKNOWN_ACTIVITY_TYPE",
      "activities" : [ {
        "activityType" : "UNKNOWN_ACTIVITY_TYPE",
        "probability" : 0.0
      } ],
      "simplifiedRawPath" : {
        "points" : [ {
          "latE7" : 472566466,
          "lngE7" : 114093336,
          "timestampMs" : "1525533654000",
          "accuracyMeters" : 10
        }, {
          "latE7" : 472571068,
          "lngE7" : 114000286,
          "timestampMs" : "1525533918000",
          "accuracyMeters" : 10
        }, {
          "latE7" : 472639777,
          "lngE7" : 113999171,
          "timestampMs" : "1525534150000",
          "accuracyMeters" : 10
        }, {
          "latE7" : 472663618,
          "lngE7" : 114013193,
          "timestampMs" : "1525534261000",
          "accuracyMeters" : 10
        }, {
          "latE7" : 472672989,
          "lngE7" : 113944138,
          "timestampMs" : "1525534433000",
          "accuracyMeters" : 10
        }, {
          "latE7" : 472659418,
          "lngE7" : 113913897,
          "timestampMs" : "1525534542000",
          "accuracyMeters" : 10
        }, {
          "latE7" : 472653498,
          "lngE7" : 113901977,
          "timestampMs" : "1525534587000",
          "accuracyMeters" : 10
        }, {
          "latE7" : 472730379,
          "lngE7" : 113957397,
          "timestampMs" : "1525534896000",
          "accuracyMeters" : 10
        }, {
          "latE7" : 472729127,
          "lngE7" : 113941462,
          "timestampMs" : "1525534973000",
          "accuracyMeters" : 10
        }, {
          "latE7" : 472691084,
          "lngE7" : 113908090,
          "timestampMs" : "1525535127000",
          "accuracyMeters" : 10
        }, {
          "latE7" : 472684480,
          "lngE7" : 113913639,
          "timestampMs" : "1525535159000",
          "accuracyMeters" : 10
        }, {
          "latE7" : 472672315,
          "lngE7" : 113927914,
          "timestampMs" : "1525535237000",
          "accuracyMeters" : 10
        }, {
          "latE7" : 472640239,
          "lngE7" : 114064990,
          "timestampMs" : "1525535637000",
          "accuracyMeters" : 10
        }, {
          "latE7" : 472635423,
          "lngE7" : 114080328,
          "timestampMs" : "1525535684000",
          "accuracyMeters" : 10
        }, {
          "latE7" : 472588051,
          "lngE7" : 114098011,
          "timestampMs" : "1525535886000",
          "accuracyMeters" : 10
        }, {
          "latE7" : 472587511,
          "lngE7" : 114047360,
          "timestampMs" : "1525536025000",
          "accuracyMeters" : 10
        }, {
          "latE7" : 472574896,
          "lngE7" : 114044389,
          "timestampMs" : "1525536088000",
          "accuracyMeters" : 10
        }, {
          "latE7" : 472578023,
          "lngE7" : 114068640,
          "timestampMs" : "1525536151000",
          "accuracyMeters" : 10
        }, {
          "latE7" : 472563630,
          "lngE7" : 114077920,
          "timestampMs" : "1525536212000",
          "accuracyMeters" : 10
        }, {
          "latE7" : 472547053,
          "lngE7" : 114076545,
          "timestampMs" : "1525536289000",
          "accuracyMeters" : 10
        }, {
          "latE7" : 472539330,
          "lngE7" : 114058039,
          "timestampMs" : "1525536351000",
          "accuracyMeters" : 10
        }, {
          "latE7" : 472534684,
          "lngE7" : 114078771,
          "timestampMs" : "1525536413000",
          "accuracyMeters" : 10
        }, {
          "latE7" : 472540300,
          "lngE7" : 114109152,
          "timestampMs" : "1525536491000",
          "accuracyMeters" : 10
        } ]
      }
    }
  }, {
    "activitySegment" : {
      "startLocation" : {
        "latitudeE7" : 480677054,
        "longitudeE7" : 137840863,
        "sourceInfo" : {
          "deviceTag" : 1858679629
        }
      },
      "endLocation" : {
        "latitudeE7" : 480677490,
        "longitudeE7" : 137835073,
        "placeId" : "ChIJ4cyudOf3c0cRzoGC4MxnR18",
        "address" : "Schlatt 7\n4691 Schlatt\nÖsterreich",
        "name" : "Schlatt 7",
        "sourceInfo" : {
          "deviceTag" : 1858679629
        },
        "locationConfidence" : 60.453648
      },
      "duration" : {
        "startTimestampMs" : "1525710466000",
        "endTimestampMs" : "1525713547000"
      },
      "activityType" : "RUNNING",
      "confidence" : "HIGH",
      "activities" : [ {
        "activityType" : "RUNNING",
        "probability" : 98.53432251891981
      }, {
        "activityType" : "WALKING",
        "probability" : 1.3814065067375598
      }, {
        "activityType" : "CYCLING",
        "probability" : 0.0671095328006922
      } ],
      "waypointPath" : {
        "waypoints" : [ {
          "latE7" : 480678215,
          "lngE7" : 137840719
        }, {
          "latE7" : 480808830,
          "lngE7" : 138002109
        }, {
          "latE7" : 480905494,
          "lngE7" : 138131999
        }, {
          "latE7" : 480784149,
          "lngE7" : 137867956
        } ]
      },
      "simplifiedRawPath" : {
        "points" : [ {
          "latE7" : 480809607,
          "lngE7" : 138004075,
          "timestampMs" : "1525712744000",
          "accuracyMeters" : 10
        } ]
      },
      "editConfirmationStatus" : "NOT_CONFIRMED"
    }
  }, {
    "placeVisit" : {
      "location" : {
        "latitudeE7" : 480677490,
        "longitudeE7" : 137835073,
        "placeId" : "ChIJ4cyudOf3c0cRzoGC4MxnR18",
        "address" : "Schlatt 7\n4691 Schlatt\nÖsterreich",
        "name" : "Schlatt 7",
        "sourceInfo" : {
          "deviceTag" : 1858679629
        },
        "locationConfidence" : 60.453648
      },
      "duration" : {
        "startTimestampMs" : "1525713547000",
        "endTimestampMs" : "1525714620733"
      },
      "placeConfidence" : "LOW_CONFIDENCE",
      "centerLatE7" : 480681700,
      "centerLngE7" : 137846157,
      "visitConfidence" : 89,
      "otherCandidateLocations" : [ {
        "latitudeE7" : 480676107,
        "longitudeE7" : 137840637,
        "placeId" : "ChIJfetMp-f3c0cRNQ8GhJAcjJg",
        "semanticType" : "TYPE_SEARCHED_ADDRESS",
        "locationConfidence" : 34.444927
      }, {
        "latitudeE7" : 480695220,
        "longitudeE7" : 137868153,
        "placeId" : "ChIJp0zQQt33c0cR-wO_2GAOjjc",
        "name" : "Gemüsehof Niedermaier",
        "locationConfidence" : 2.0408502
      }, {
        "latitudeE7" : 480768456,
        "longitudeE7" : 137731357,
        "placeId" : "ChIJG92JBicIdEcRUE76vQOPBUA",
        "name" : "Geißlholz",
        "locationConfidence" : 1.1784915
      }, {
        "latitudeE7" : 480695231,
        "longitudeE7" : 137868168,
        "placeId" : "ChIJZ07QQt33c0cR0qYKZZ9jZLs",
        "locationConfidence" : 0.7796546
      }, {
        "latitudeE7" : 480695231,
        "longitudeE7" : 137868168,
        "placeId" : "ChIJZ07QQt33c0cR2TxtGNeAUtk",
        "locationConfidence" : 0.7796546
      }, {
        "latitudeE7" : 468876191,
        "longitudeE7" : 96569996,
        "placeId" : "ChIJUb40tZ9FiUcRfcV01tx_jAM",
        "name" : "Alps",
        "locationConfidence" : 0.32277307
      } ],
      "editConfirmationStatus" : "NOT_CONFIRMED"
    }
  }, {
    "activitySegment" : {
      "startLocation" : {
        "latitudeE7" : 478255074,
        "longitudeE7" : 130543467,
        "sourceInfo" : {
          "deviceTag" : 1858679629
        }
      },
      "endLocation" : {
        "latitudeE7" : 478036560,
        "longitudeE7" : 130466594,
        "sourceInfo" : {
          "deviceTag" : 1858679629
        }
      },
      "duration" : {
        "startTimestampMs" : "1525955894954",
        "endTimestampMs" : "1525957160438"
      },
      "distance" : 2496,
      "activityType" : "IN_PASSENGER_VEHICLE",
      "confidence" : "HIGH",
      "activities" : [ {
        "activityType" : "IN_PASSENGER_VEHICLE",
        "probability" : 86.08849862038312
      }, {
        "activityType" : "IN_BUS",
        "probability" : 6.589975725454796
      }, {
        "activityType" : "WALKING",
        "probability" : 5.023329427944319
      } ],
      "waypointPath" : {
        "waypoints" : [ {
          "latE7" : 478255004,
          "lngE7" : 130542993
        }, {
          "latE7" : 478206405,
          "lngE7" : 130531787
        }, {
          "latE7" : 478038177,
          "lngE7" : 130469245
        } ]
      },
      "simplifiedRawPath" : {
        "points" : [ {
          "latE7" : 478198837,
          "lngE7" : 130530280,
          "timestampMs" : "1525955941000",
          "accuracyMeters" : 10
        } ]
      },
      "editConfirmationStatus" : "NOT_CONFIRMED",
      "parkingEvent" : {
        "timestampMs" : "1525957160438",
        "location" : {
          "latitudeE7" : 478036560,
          "longitudeE7" : 130466594,
          "accuracyMetres" : 46
        }
      }
    }
  }, {
    "activitySegment" : {
      "startLocation" : {
        "latitudeE7" : 478036560,
        "longitudeE7" : 130466594
      },
      "endLocation" : {
        "latitudeE7" : 478005315,
        "longitudeE7" : 130454337
      },
      "duration" : {
        "startTimestampMs" : "1525957160438",
        "endTimestampMs" : "1525958175915"
      },
      "distance" : 351,
      "activityType" : "WALKING",
      "confidence" : "MEDIUM",
      "activities" : [ {
        "activityType" : "WALKING",
        "probability" : 64.8050899760617
      }, {
        "activityType" : "IN_PASSENGER_VEHICLE",
        "probability" : 23.972498907809026
      }, {
        "activityType" : "IN_BUS",
        "probability" : 10.305419963764614
      } ],
      "waypointPath" : {
        "waypoints" : [ {
          "latE7" : 478038368,
          "lngE7" : 130469198
        }, {
          "latE7" : 478017959,
          "lngE7" : 130451793
        }, {
          "latE7" : 478004264,
          "lngE7" : 130453786
        } ]
      },
      "editConfirmationStatus" : "NOT_CONFIRMED"
    }
  }, {
    "placeVisit" : {
      "location" : {
        "latitudeE7" : 478000079,
        "longitudeE7" : 130435589,
        "placeId" : "ChIJiYA55GOQdkcRi7885u5bbJ4",
        "address" : "Getreidegasse 9, 5020 Salzburg, Österreich",
        "name" : "Mozart's Birthplace",
        "sourceInfo" : {
          "deviceTag" : 1858679629
        },
        "locationConfidence" : 10.505862
      },
      "duration" : {
        "startTimestampMs" : "1525958262000",
        "endTimestampMs" : "1525960582000"
      },
      "placeConfidence" : "LOW_CONFIDENCE",
      "centerLatE7" : 478004547,
      "centerLngE7" : 130459120,
      "visitConfidence" : 87,
      "otherCandidateLocations" : [ {
        "latitudeE7" : 478002298,
        "longitudeE7" : 130456561,
        "placeId" : "ChIJibZ0y2OQdkcRc4baQyex0gU",
        "name" : "Shamrock",
        "locationConfidence" : 9.491971
      }, {
        "latitudeE7" : 478002058,
        "longitudeE7" : 130446227,
        "placeId" : "ChIJ5e9xxGOQdkcRUhEJi1Lab3M",
        "name" : "Old City Hall (Altes Rathaus)",
        "locationConfidence" : 6.8798356
      }, {
        "latitudeE7" : 477988681,
        "longitudeE7" : 130475289,
        "placeId" : "ChIJqVRh-WGQdkcRQGIOidoSXaU",
        "name" : "Mozartplatz",
        "locationConfidence" : 6.139334
      }, {
        "latitudeE7" : 478017098,
        "longitudeE7" : 130451804,
        "placeId" : "ChIJkYyOI2OQdkcRyWkYMvlssps",
        "name" : "Linzer Gasse Platzl",
        "locationConfidence" : 5.598406
      }, {
        "latitudeE7" : 478003190,
        "longitudeE7" : 130456280,
        "placeId" : "ChIJ3TWuy2OQdkcRTUvJARWLuYg",
        "name" : "Salzburg Rathaus",
        "locationConfidence" : 3.3862388
      }, {
        "latitudeE7" : 477984670,
        "longitudeE7" : 130466402,
        "placeId" : "ChIJu9-07GGQdkcR7R4OnFWR1Wo",
        "name" : "Residenzplatz",
        "locationConfidence" : 2.6192088
      }, {
        "latitudeE7" : 477999962,
        "longitudeE7" : 130458060,
        "placeId" : "ChIJzXk-LWKQdkcRUyzIIxX-8dM",
        "name" : "Goldene Kugel",
        "locationConfidence" : 2.185969
      }, {
        "latitudeE7" : 478002770,
        "longitudeE7" : 130453810,
        "placeId" : "ChIJzSVNyWOQdkcRiaNOi8fxteE",
        "name" : "my Indigo Staatsbrücke",
        "locationConfidence" : 2.0006044
      }, {
        "latitudeE7" : 478000861,
        "longitudeE7" : 130455135,
        "placeId" : "ChIJk2BlzGOQdkcRoo4tKUKFwa4",
        "name" : "Trattoria da Pippo",
        "locationConfidence" : 1.4325912
      } ],
      "editConfirmationStatus" : "NOT_CONFIRMED"
    }
  }, {
    "activitySegment" : {
      "startLocation" : {
        "latitudeE7" : 480681209,
        "longitudeE7" : 137837103,
        "sourceInfo" : {
          "deviceTag" : 1858679629
        }
      },
      "endLocation" : {
        "latitudeE7" : 480677490,
        "longitudeE7" : 137835073,
        "sourceInfo" : {
          "deviceTag" : 1858679629
        }
      },
      "duration" : {
        "startTimestampMs" : "1526057096842",
        "endTimestampMs" : "1526059746000"
      },
      "distance" : 8738,
      "activityType" : "RUNNING",
      "confidence" : "HIGH",
      "activities" : [ {
        "activityType" : "RUNNING",
        "probability" : 99.17346480694084
      }, {
        "activityType" : "WALKING",
        "probability" : 0.6879400012205606
      }, {
        "activityType" : "CYCLING",
        "probability" : 0.11698297648549863
      } ],
      "waypointPath" : {
        "waypoints" : [ {
          "latE7" : 480678062,
          "lngE7" : 137837276
        }, {
          "latE7" : 480808830,
          "lngE7" : 138002109
        }, {
          "latE7" : 480903701,
          "lngE7" : 138124704
        }, {
          "latE7" : 480784988,
          "lngE7" : 137870159
        }, {
          "latE7" : 480678062,
          "lngE7" : 137835111
        } ]
      },
      "simplifiedRawPath" : {
        "points" : [ {
          "latE7" : 480809961,
          "lngE7" : 138003856,
          "timestampMs" : "1526059000000",
          "accuracyMeters" : 10
        }, {
          "latE7" : 480785326,
          "lngE7" : 137869853,
          "timestampMs" : "1526059327000",
          "accuracyMeters" : 10
        } ]
      },
      "editConfirmationStatus" : "NOT_CONFIRMED"
    }
  }, {
    "placeVisit" : {
      "location" : {
        "latitudeE7" : 480677490,
        "longitudeE7" : 137835073,
        "placeId" : "ChIJ4cyudOf3c0cRzoGC4MxnR18",
        "address" : "Schlatt 7\n4691 Schlatt\nÖsterreich",
        "name" : "Schlatt 7",
        "sourceInfo" : {
          "deviceTag" : 1858679629
        },
        "locationConfidence" : 65.58472
      },
      "duration" : {
        "startTimestampMs" : "1526059746000",
        "endTimestampMs" : "1526063568838"
      },
      "placeConfidence" : "MEDIUM_CONFIDENCE",
      "centerLatE7" : 480681488,
      "centerLngE7" : 137843788,
      "visitConfidence" : 90,
      "otherCandidateLocations" : [ {
        "latitudeE7" : 480676107,
        "longitudeE7" : 137840637,
        "placeId" : "ChIJfetMp-f3c0cRNQ8GhJAcjJg",
        "semanticType" : "TYPE_SEARCHED_ADDRESS",
        "locationConfidence" : 30.60711
      }, {
        "latitudeE7" : 480680117,
        "longitudeE7" : 137800141,
        "placeId" : "ChIJaapsz-D3c0cRH0cs5FolonU",
        "locationConfidence" : 0.865335
      }, {
        "latitudeE7" : 480695220,
        "longitudeE7" : 137868153,
        "placeId" : "ChIJp0zQQt33c0cR-wO_2GAOjjc",
        "name" : "Gemüsehof Niedermaier",
        "locationConfidence" : 0.82678694
      }, {
        "latitudeE7" : 480768456,
        "longitudeE7" : 137731357,
        "placeId" : "ChIJG92JBicIdEcRUE76vQOPBUA",
        "name" : "Geißlholz",
        "locationConfidence" : 0.7609182
      }, {
        "latitudeE7" : 480695231,
        "longitudeE7" : 137868168,
        "placeId" : "ChIJZ07QQt33c0cR0qYKZZ9jZLs",
        "locationConfidence" : 0.3938746
      }, {
        "latitudeE7" : 480695231,
        "longitudeE7" : 137868168,
        "placeId" : "ChIJZ07QQt33c0cR2TxtGNeAUtk",
        "locationConfidence" : 0.3938746
      }, {
        "latitudeE7" : 480680117,
        "longitudeE7" : 137800141,
        "placeId" : "ChIJaapsz-D3c0cRM2QiSjx775A",
        "locationConfidence" : 0.3706614
      }, {
        "latitudeE7" : 468876191,
        "longitudeE7" : 96569996,
        "placeId" : "ChIJUb40tZ9FiUcRfcV01tx_jAM",
        "name" : "Alps",
        "locationConfidence" : 0.19672748
      } ],
      "editConfirmationStatus" : "NOT_CONFIRMED"
    }
  }, {
    "placeVisit" : {
      "location" : {
        "latitudeE7" : 481948946,
        "longitudeE7" : 139551094,
        "placeId" : "ChIJo-iAOayMc0cRwGXtCuGv5Ho",
        "address" : "Schmidinger-Straße 5, 4631 Schmiding, Österreich",
        "name" : "Zoo & Aquazoo Schmiding",
        "sourceInfo" : {
          "deviceTag" : 1858679629
        },
        "locationConfidence" : 91.42597
      },
      "duration" : {
        "startTimestampMs" : "1526289767000",
        "endTimestampMs" : "1526291490000"
      },
      "placeConfidence" : "MEDIUM_CONFIDENCE",
      "centerLatE7" : 481954069,
      "centerLngE7" : 139566496,
      "visitConfidence" : 91,
      "otherCandidateLocations" : [ {
        "latitudeE7" : 481941340,
        "longitudeE7" : 139546307,
        "placeId" : "ChIJDeVrwqaMc0cRAcnOInmFm1k",
        "name" : "Zoo Schmiding / Museum - meeting of cultures",
        "locationConfidence" : 3.4971354
      }, {
        "latitudeE7" : 481946330,
        "longitudeE7" : 139524870,
        "placeId" : "ChIJ97Is5quMc0cRJx5QvgriLZY",
        "name" : "Evolutionsmuseum Schmiding - art man nature museum GmbH",
        "locationConfidence" : 1.5560519
      }, {
        "latitudeE7" : 481940163,
        "longitudeE7" : 139556150,
        "placeId" : "ChIJo-iAOayMc0cRWy07wydtQww",
        "name" : "Cafe Restaurant am Rosenhügel GesmbH",
        "locationConfidence" : 1.5101476
      }, {
        "latitudeE7" : 481947137,
        "longitudeE7" : 139566136,
        "placeId" : "ChIJZUPyKayMc0cRSIFFF_Jsc4s",
        "locationConfidence" : 0.49508026
      }, {
        "latitudeE7" : 481932839,
        "longitudeE7" : 139550307,
        "placeId" : "ChIJRyyOQ6yMc0cRQoFJ58QetKs",
        "name" : "Alois Störinger",
        "locationConfidence" : 0.46300048
      }, {
        "latitudeE7" : 481947317,
        "longitudeE7" : 139549401,
        "placeId" : "ChIJMQ4eHKyMc0cReStzeXsOH_A",
        "name" : "Schmiding",
        "locationConfidence" : 0.44927597
      }, {
        "latitudeE7" : 481946994,
        "longitudeE7" : 139532630,
        "placeId" : "ChIJG6ec-auMc0cRiTWSGhwcOog",
        "name" : "REALIA Liegenschaftsservice Ges.mbH",
        "locationConfidence" : 0.2683387
      }, {
        "latitudeE7" : 481944484,
        "longitudeE7" : 139565138,
        "placeId" : "ChIJe6ipLqyMc0cRmCBABbQGj-Q",
        "locationConfidence" : 0.2067513
      }, {
        "latitudeE7" : 481942432,
        "longitudeE7" : 139563152,
        "placeId" : "ChIJ8wA-LqyMc0cRZp1Olw2aMto",
        "locationConfidence" : 0.128244
      } ],
      "editConfirmationStatus" : "NOT_CONFIRMED"
    }
  }, {
    "activitySegment" : {
      "startLocation" : {
        "latitudeE7" : 481955714,
        "longitudeE7" : 139566385,
        "sourceInfo" : {
          "deviceTag" : 1858679629
        }
      },
      "endLocation" : {
        "latitudeE7" : 481330520,
        "longitudeE7" : 136831490,
        "sourceInfo" : {
          "deviceTag" : 1858679629
        }
      },
      "duration" : {
        "startTimestampMs" : "1526291490000",
        "endTimestampMs" : "1526367048792"
      },
      "distance" : 21442,
      "activityType" : "IN_PASSENGER_VEHICLE",
      "confidence" : "MEDIUM",
      "activities" : [ {
        "activityType" : "IN_PASSENGER_VEHICLE",
        "probability" : 85.32605829087562
      }, {
        "activityType" : "WALKING",
        "probability" : 9.797616710472944
      }, {
        "activityType" : "CYCLING",
        "probability" : 2.672924609622029
      } ],
      "waypointPath" : {
        "waypoints" : [ {
          "latE7" : 481953659,
          "lngE7" : 139564628
        }, {
          "latE7" : 481831092,
          "lngE7" : 137811136
        }, {
          "latE7" : 481330528,
          "lngE7" : 136831512
        } ]
      },
      "editConfirmationStatus" : "NOT_CONFIRMED",
      "parkingEvent" : {
        "timestampMs" : "1526367444591",
        "location" : {
          "latitudeE7" : 481330281,
          "longitudeE7" : 136830641,
          "accuracyMetres" : 26
        }
      }
    }
  }, {
    "placeVisit" : {
      "location" : {
        "latitudeE7" : 481335737,
        "longitudeE7" : 136819731,
        "placeId" : "ChIJi6J9aKUOdEcRgq7VqLBYWsw",
        "address" : "Hueb 10, 4674 Altenhof am Hausruck, Österreich",
        "name" : "Assista Social Services GmbH",
        "sourceInfo" : {
          "deviceTag" : 1858679629
        },
        "locationConfidence" : 46.746143
      },
      "duration" : {
        "startTimestampMs" : "1526367048792",
        "endTimestampMs" : "1526369096240"
      },
      "placeConfidence" : "LOW_CONFIDENCE",
      "centerLatE7" : 481330240,
      "centerLngE7" : 136831627,
      "visitConfidence" : 92,
      "otherCandidateLocations" : [ {
        "latitudeE7" : 481335831,
        "longitudeE7" : 136817837,
        "placeId" : "ChIJi6J9aKUOdEcRyE5KhQ7f14A",
        "locationConfidence" : 46.323647
      }, {
        "latitudeE7" : 481306160,
        "longitudeE7" : 136839030,
        "placeId" : "ChIJQeXtR7AOdEcRj0NorqCYTIw",
        "name" : "Altenhof am Hausruck Das Dorf",
        "locationConfidence" : 3.5166166
      }, {
        "latitudeE7" : 481317020,
        "longitudeE7" : 136834040,
        "placeId" : "ChIJfeC1HrAOdEcRufcQhmj9e7g",
        "name" : "Reha Service GmbH",
        "locationConfidence" : 1.0581046
      }, {
        "latitudeE7" : 481327488,
        "longitudeE7" : 136855753,
        "placeId" : "ChIJ-Zp3y68OdEcRBJM0uZ7ZAtQ",
        "name" : "Baumeister & Zimmermeister",
        "locationConfidence" : 0.6758237
      }, {
        "latitudeE7" : 481335737,
        "longitudeE7" : 136819731,
        "placeId" : "ChIJE_V9aKUOdEcRrX-smBaiGa8",
        "name" : "Institut für Physiotherapie, Logopädie und Ergotherapie",
        "locationConfidence" : 0.43816078
      }, {
        "latitudeE7" : 481335737,
        "longitudeE7" : 136819731,
        "placeId" : "ChIJi6J9aKUOdEcRd_hiHlj8SpA",
        "name" : "Cafe Hausruckwald",
        "locationConfidence" : 0.3975739
      }, {
        "latitudeE7" : 481335737,
        "longitudeE7" : 136819731,
        "placeId" : "ChIJi6J9aKUOdEcRYR8ypi_xJvE",
        "name" : "Das Dorf Verein Lebenswertes Leben",
        "locationConfidence" : 0.30112642
      }, {
        "latitudeE7" : 481335737,
        "longitudeE7" : 136819731,
        "placeId" : "ChIJi6J9aKUOdEcRBuDZhnBSzkk",
        "name" : "Raiffeisenbank Region Hausruck, Zahlstelle \"Das Dorf\"",
        "locationConfidence" : 0.26003912
      }, {
        "latitudeE7" : 481335737,
        "longitudeE7" : 136819731,
        "placeId" : "ChIJi6J9aKUOdEcRMa1Uy463SW8",
        "name" : "Postbriefkasten",
        "locationConfidence" : 0.18467544
      } ],
      "editConfirmationStatus" : "NOT_CONFIRMED"
    }
  }, {
    "activitySegment" : {
      "startLocation" : {
        "latitudeE7" : 481329532,
        "longitudeE7" : 136834089,
        "sourceInfo" : {
          "deviceTag" : 1858679629
        }
      },
      "endLocation" : {
        "latitudeE7" : 478016342,
        "longitudeE7" : 130392144,
        "sourceInfo" : {
          "deviceTag" : 1858679629
        }
      },
      "duration" : {
        "startTimestampMs" : "1526369096240",
        "endTimestampMs" : "1526375813126"
      },
      "distance" : 83392,
      "activityType" : "IN_PASSENGER_VEHICLE",
      "confidence" : "HIGH",
      "activities" : [ {
        "activityType" : "IN_PASSENGER_VEHICLE",
        "probability" : 99.79750512694314
      }, {
        "activityType" : "WALKING",
        "probability" : 0.1571464810174871
      }, {
        "activityType" : "MOTORCYCLING",
        "probability" : 0.02177633373233265
      } ],
      "waypointPath" : {
        "waypoints" : [ {
          "latE7" : 481329879,
          "lngE7" : 136835088
        }, {
          "latE7" : 480962486,
          "lngE7" : 136604452
        }, {
          "latE7" : 480474662,
          "lngE7" : 136147336
        }, {
          "latE7" : 479555435,
          "lngE7" : 137286062
        }, {
          "latE7" : 479554786,
          "lngE7" : 137286586
        }, {
          "latE7" : 478534278,
          "lngE7" : 132244892
        }, {
          "latE7" : 477974700,
          "lngE7" : 130531139
        }, {
          "latE7" : 477972869,
          "lngE7" : 130531301
        }, {
          "latE7" : 478016395,
          "lngE7" : 130395383
        } ]
      },
      "simplifiedRawPath" : {
        "points" : [ {
          "latE7" : 477974927,
          "lngE7" : 130530779,
          "timestampMs" : "1526375197489",
          "accuracyMeters" : 17
        }, {
          "latE7" : 478000073,
          "lngE7" : 130509893,
          "timestampMs" : "1526375318640",
          "accuracyMeters" : 28
        } ]
      },
      "editConfirmationStatus" : "NOT_CONFIRMED",
      "parkingEvent" : {
        "timestampMs" : "1526375571657",
        "location" : {
          "latitudeE7" : 478008055,
          "longitudeE7" : 130477432,
          "accuracyMetres" : 25
        }
      }
    }
  }, {
    "placeVisit" : {
      "location" : {
        "latitudeE7" : 478016342,
        "longitudeE7" : 130392144,
        "placeId" : "ChIJdcwcsWWQdkcRRacRj7tCVGI",
        "address" : "Museumsplatz 5, 5020 Salzburg, Österreich",
        "name" : "House of Nature",
        "sourceInfo" : {
          "deviceTag" : 1858679629
        },
        "locationConfidence" : 78.20917
      },
      "duration" : {
        "startTimestampMs" : "1526375813126",
        "endTimestampMs" : "1526378659989"
      },
      "placeConfidence" : "MEDIUM_CONFIDENCE",
      "centerLatE7" : 478017676,
      "centerLngE7" : 130397452,
      "visitConfidence" : 94,
      "otherCandidateLocations" : [ {
        "latitudeE7" : 478016756,
        "longitudeE7" : 130391989,
        "placeId" : "ChIJ85-BtWWQdkcR-k6UDwTNE8s",
        "name" : "stadtcafe",
        "locationConfidence" : 4.540631
      }, {
        "latitudeE7" : 478014230,
        "longitudeE7" : 130396360,
        "placeId" : "ChIJ-QeBtWWQdkcRz5zdqaGziIo",
        "name" : "republic Theater",
        "locationConfidence" : 3.1320045
      }, {
        "latitudeE7" : 478017320,
        "longitudeE7" : 130421730,
        "placeId" : "ChIJL8LwZGSQdkcRDOkvlBKLSw8",
        "name" : "Love Locks Bridge Salzburg",
        "locationConfidence" : 3.06052
      }, {
        "latitudeE7" : 478007738,
        "longitudeE7" : 130395470,
        "placeId" : "ChIJuXazM2SQdkcRJTzA419Rsi0",
        "name" : "Altstadt Salzburg Marketing GmbH",
        "locationConfidence" : 2.190375
      }, {
        "latitudeE7" : 478008660,
        "longitudeE7" : 130389789,
        "placeId" : "ChIJ8fCkzmWQdkcRArCqPxqYrzg",
        "name" : "MönchsbergAufzug",
        "locationConfidence" : 1.8338053
      }, {
        "latitudeE7" : 478012219,
        "longitudeE7" : 130388911,
        "placeId" : "ChIJ69QZyGWQdkcRDysT8cKN8HE",
        "name" : "Dr.med.univ. Gerlinde Schneider",
        "locationConfidence" : 0.2695766
      }, {
        "latitudeE7" : 478005562,
        "longitudeE7" : 130400744,
        "placeId" : "ChIJrbtSMGSQdkcR_5no2W8c384",
        "name" : "Altstadtpraxis Salzburg",
        "locationConfidence" : 0.2432553
      }, {
        "latitudeE7" : 478010826,
        "longitudeE7" : 130411263,
        "placeId" : "ChIJCeKrbGSQdkcRoJUmLfRK1Cw",
        "name" : "Klexx",
        "locationConfidence" : 0.23983644
      }, {
        "latitudeE7" : 478005961,
        "longitudeE7" : 130400472,
        "placeId" : "ChIJrbtSMGSQdkcR8pe-66vO2cM",
        "name" : "Dr. Stierle Günter",
        "locationConfidence" : 0.22162956
      } ],
      "editConfirmationStatus" : "NOT_CONFIRMED"
    }
  }, {
    "activitySegment" : {
      "startLocation" : {
        "latitudeE7" : 478017676,
        "longitudeE7" : 130397452
      },
      "endLocation" : {
        "latitudeE7" : 481855306,
        "longitudeE7" : 163764506
      },
      "duration" : {
        "startTimestampMs" : "1526378659989",
        "endTimestampMs" : "1526569998809"
      },
      "activityType" : "UNKNOWN_ACTIVITY_TYPE",
      "activities" : [ {
        "activityType" : "UNKNOWN_ACTIVITY_TYPE",
        "probability" : 0.0
      } ],
      "simplifiedRawPath" : {
        "points" : [ {
          "latE7" : 480678334,
          "lngE7" : 137840789,
          "timestampMs" : "1526401372759",
          "accuracyMeters" : 87
        }, {
          "latE7" : 480700744,
          "lngE7" : 137873571,
          "timestampMs" : "1526401590000",
          "accuracyMeters" : 10
        }, {
          "latE7" : 480739794,
          "lngE7" : 137894047,
          "timestampMs" : "1526401728000",
          "accuracyMeters" : 10
        }, {
          "latE7" : 480776973,
          "lngE7" : 137860107,
          "timestampMs" : "1526401871000",
          "accuracyMeters" : 10
        }, {
          "latE7" : 480799974,
          "lngE7" : 137927982,
          "timestampMs" : "1526402042000",
          "accuracyMeters" : 10
        }, {
          "latE7" : 480800416,
          "lngE7" : 137977743,
          "timestampMs" : "1526402165000",
          "accuracyMeters" : 10
        }, {
          "latE7" : 480812053,
          "lngE7" : 138016763,
          "timestampMs" : "1526402258000",
          "accuracyMeters" : 10
        }, {
          "latE7" : 480799089,
          "lngE7" : 138036746,
          "timestampMs" : "1526402320000",
          "accuracyMeters" : 10
        }, {
          "latE7" : 480715706,
          "lngE7" : 137953079,
          "timestampMs" : "1526402662000",
          "accuracyMeters" : 10
        }, {
          "latE7" : 480695278,
          "lngE7" : 137938455,
          "timestampMs" : "1526402740000",
          "accuracyMeters" : 10
        }, {
          "latE7" : 480690867,
          "lngE7" : 137921923,
          "timestampMs" : "1526402801000",
          "accuracyMeters" : 10
        }, {
          "latE7" : 480654199,
          "lngE7" : 137899087,
          "timestampMs" : "1526402942000",
          "accuracyMeters" : 10
        }, {
          "latE7" : 480647895,
          "lngE7" : 137883498,
          "timestampMs" : "1526402989000",
          "accuracyMeters" : 10
        }, {
          "latE7" : 480645019,
          "lngE7" : 137873817,
          "timestampMs" : "1526403035000",
          "accuracyMeters" : 10
        }, {
          "latE7" : 480660669,
          "lngE7" : 137855593,
          "timestampMs" : "1526403113000",
          "accuracyMeters" : 10
        }, {
          "latE7" : 480656768,
          "lngE7" : 137843397,
          "timestampMs" : "1526403144000",
          "accuracyMeters" : 10
        }, {
          "latE7" : 481292089,
          "lngE7" : 136849666,
          "timestampMs" : "1526408909673",
          "accuracyMeters" : 15
        }, {
          "latE7" : 478118206,
          "lngE7" : 130245879,
          "timestampMs" : "1526460939990",
          "accuracyMeters" : 16
        }, {
          "latE7" : 478115953,
          "lngE7" : 130260988,
          "timestampMs" : "1526461060039",
          "accuracyMeters" : 16
        }, {
          "latE7" : 478065329,
          "lngE7" : 130267746,
          "timestampMs" : "1526461180749",
          "accuracyMeters" : 56
        }, {
          "latE7" : 478030194,
          "lngE7" : 130288217,
          "timestampMs" : "1526461300859",
          "accuracyMeters" : 17
        }, {
          "latE7" : 478066073,
          "lngE7" : 130340042,
          "timestampMs" : "1526461420891",
          "accuracyMeters" : 33
        }, {
          "latE7" : 477995098,
          "lngE7" : 130406401,
          "timestampMs" : "1526461680988",
          "accuracyMeters" : 17
        }, {
          "latE7" : 477976315,
          "lngE7" : 130327507,
          "timestampMs" : "1526461771000",
          "accuracyMeters" : 10
        }, {
          "latE7" : 481150101,
          "lngE7" : 136798247,
          "timestampMs" : "1526483616000",
          "accuracyMeters" : 10
        }, {
          "latE7" : 481239317,
          "lngE7" : 136780410,
          "timestampMs" : "1526483716922",
          "accuracyMeters" : 98
        }, {
          "latE7" : 481330551,
          "lngE7" : 136831324,
          "timestampMs" : "1526484094374",
          "accuracyMeters" : 15
        } ]
      }
    }
  }, {
    "placeVisit" : {
      "location" : {
        "latitudeE7" : 481852227,
        "longitudeE7" : 163764847,
        "placeId" : "ChIJUU071tupbUcRyFdx20Nwgqg",
        "address" : "Alfred-Adler-Straße 107, 1100 Wien, Österreich",
        "name" : "Vienna Central Station",
        "sourceInfo" : {
          "deviceTag" : 1858679629
        },
        "locationConfidence" : 38.00676
      },
      "duration" : {
        "startTimestampMs" : "1526569998809",
        "endTimestampMs" : "1526572356040"
      },
      "placeConfidence" : "LOW_CONFIDENCE",
      "centerLatE7" : 481855306,
      "centerLngE7" : 163764506,
      "visitConfidence" : 93,
      "otherCandidateLocations" : [ {
        "latitudeE7" : 481849827,
        "longitudeE7" : 163764248,
        "placeId" : "ChIJDZ5uF9epbUcR1jnANBHqADA",
        "name" : "BahnhofCity Wien Hauptbahnhof",
        "locationConfidence" : 27.678816
      }, {
        "latitudeE7" : 481861220,
        "longitudeE7" : 163755230,
        "placeId" : "ChIJwRsm5dapbUcRtW6TELXROiM",
        "name" : "Wien Hauptbahnhof",
        "locationConfidence" : 11.485369
      }, {
        "latitudeE7" : 481858980,
        "longitudeE7" : 163744000,
        "placeId" : "ChIJ6X4969apbUcRf97_Km3pMWc",
        "name" : "Hauptbahnhof",
        "locationConfidence" : 1.6215022
      }, {
        "latitudeE7" : 481860804,
        "longitudeE7" : 163747515,
        "placeId" : "ChIJ-3E37NapbUcRppBDTrAinNs",
        "name" : "Hauptbahnhof",
        "locationConfidence" : 1.0733585
      }, {
        "latitudeE7" : 481877604,
        "longitudeE7" : 163768958,
        "placeId" : "ChIJg5dQSdapbUcR--1dMsRT50k",
        "name" : "Otaku Heaven",
        "locationConfidence" : 0.70954585
      }, {
        "latitudeE7" : 481856000,
        "longitudeE7" : 163737100,
        "placeId" : "ChIJ2QuFvtapbUcR_MeQHV4wSe8",
        "name" : "Hauptbahnhof",
        "locationConfidence" : 0.7076216
      }, {
        "latitudeE7" : 481840415,
        "longitudeE7" : 163739256,
        "placeId" : "ChIJV51SlJwHbUcRT3wXcvdmap8",
        "name" : "18 Repa.neo Wien Hauptbahnhof",
        "locationConfidence" : 0.70703626
      }, {
        "latitudeE7" : 481834237,
        "longitudeE7" : 163742888,
        "placeId" : "ChIJF384IdGpbUcRM4B144n8k9g",
        "name" : "Saloni Möbel - Wien",
        "locationConfidence" : 0.5955494
      }, {
        "latitudeE7" : 481844675,
        "longitudeE7" : 163766135,
        "placeId" : "ChIJ0fz3z9apbUcR30AQ85pe1Po",
        "name" : "Wien Hbf (Busbahnhof Südtiroler Platz)",
        "locationConfidence" : 0.5538969
      } ],
      "editConfirmationStatus" : "NOT_CONFIRMED",
      "simplifiedRawPath" : {
        "points" : [ {
          "latE7" : 481854028,
          "lngE7" : 163767187,
          "timestampMs" : "1526570013868",
          "accuracyMeters" : 17
        }, {
          "latE7" : 481857491,
          "lngE7" : 163760401,
          "timestampMs" : "1526572335298",
          "accuracyMeters" : 16
        } ]
      }
    }
  }, {
    "activitySegment" : {
      "startLocation" : {
        "latitudeE7" : 481864125,
        "longitudeE7" : 163731531,
        "sourceInfo" : {
          "deviceTag" : 1858679629
        }
      },
      "endLocation" : {
        "latitudeE7" : 482080068,
        "longitudeE7" : 163712309,
        "sourceInfo" : {
          "deviceTag" : 1858679629
        }
      },
      "duration" : {
        "startTimestampMs" : "1526572356040",
        "endTimestampMs" : "1526573326000"
      },
      "distance" : 2581,
      "activityType" : "IN_SUBWAY",
      "confidence" : "MEDIUM",
      "activities" : [ {
        "activityType" : "IN_SUBWAY",
        "probability" : 73.61694967932836
      }, {
        "activityType" : "WALKING",
        "probability" : 13.90326162661102
      }, {
        "activityType" : "IN_TRAIN",
        "probability" : 12.17439435880238
      } ],
      "transitPath" : {
        "transitStops" : [ {
          "latitudeE7" : 481864125,
          "longitudeE7" : 163731531,
          "placeId" : "ChIJZ1D-htapbUcROoi_2Jg_fcg",
          "name" : "Hauptbahnhof"
        }, {
          "latitudeE7" : 482080068,
          "longitudeE7" : 163712309,
          "placeId" : "ChIJQ-lZKZ8HbUcRLnHPUlkyNqE",
          "address" : "1010 Wien\nÖsterreich",
          "name" : "Stephansplatz"
        } ],
        "name" : "U1",
        "hexRgbColor" : "D50000"
      },
      "simplifiedRawPath" : {
        "points" : [ {
          "latE7" : 481857473,
          "lngE7" : 163757868,
          "timestampMs" : "1526572356040",
          "accuracyMeters" : 15
        }, {
          "latE7" : 481861358,
          "lngE7" : 163744729,
          "timestampMs" : "1526572498125",
          "accuracyMeters" : 98
        }, {
          "latE7" : 482086998,
          "lngE7" : 163726683,
          "timestampMs" : "1526573295082",
          "accuracyMeters" : 48
        } ]
      },
      "editConfirmationStatus" : "NOT_CONFIRMED"
    }
  }, {
    "placeVisit" : {
      "location" : {
        "latitudeE7" : 482080068,
        "longitudeE7" : 163712309,
        "placeId" : "ChIJQ-lZKZ8HbUcRLnHPUlkyNqE",
        "address" : "1010 Wien\nÖsterreich",
        "name" : "Stephansplatz",
        "sourceInfo" : {
          "deviceTag" : 1858679629
        },
        "locationConfidence" : 73.40445
      },
      "duration" : {
        "startTimestampMs" : "1526573326000",
        "endTimestampMs" : "1526574555632"
      },
      "placeConfidence" : "MEDIUM_CONFIDENCE",
      "centerLatE7" : 482074603,
      "centerLngE7" : 163715790,
      "visitConfidence" : 94,
      "otherCandidateLocations" : [ {
        "latitudeE7" : 482086677,
        "longitudeE7" : 163708150,
        "placeId" : "ChIJmf_lz5gHbUcROyJYm8bz-j8",
        "name" : "Pandora",
        "locationConfidence" : 1.2540472
      }, {
        "latitudeE7" : 482063608,
        "longitudeE7" : 163710149,
        "placeId" : "ChIJfWURt54HbUcR05OVr-W2EuY",
        "name" : "RIMOWA Store Wien",
        "locationConfidence" : 1.1059909
      }, {
        "latitudeE7" : 482063354,
        "longitudeE7" : 163704598,
        "placeId" : "ChIJwf39s54HbUcRynfcPZk5J4g",
        "name" : "Koni Design",
        "locationConfidence" : 0.7412886
      }, {
        "latitudeE7" : 482061912,
        "longitudeE7" : 163711883,
        "placeId" : "ChIJfySxu54HbUcRrlXv0wEiP4g",
        "name" : "RADO BOUTIQUE VIENNA",
        "locationConfidence" : 0.6324515
      }, {
        "latitudeE7" : 482061513,
        "longitudeE7" : 163716256,
        "placeId" : "ChIJa5MyvJ4HbUcRRuuW1JyQ5Jg",
        "locationConfidence" : 0.5945577
      }, {
        "latitudeE7" : 482064252,
        "longitudeE7" : 163728673,
        "placeId" : "ChIJGylm7Z4HbUcRXCasKVJ_fOQ",
        "name" : "Wien 1516 Brauerei",
        "locationConfidence" : 0.5862833
      }, {
        "latitudeE7" : 482069910,
        "longitudeE7" : 163730360,
        "placeId" : "ChIJLe935Z4HbUcRDigNtvGwVAE",
        "name" : "Dantendorfer Gesellschaft m.b.H. & Co. KG.",
        "locationConfidence" : 0.5476907
      }, {
        "latitudeE7" : 482071588,
        "longitudeE7" : 163702701,
        "placeId" : "ChIJZ7rPM5kHbUcR_bxQo9zGxsA",
        "name" : "Max Semler Goldsmith",
        "locationConfidence" : 0.46799228
      }, {
        "latitudeE7" : 482069690,
        "longitudeE7" : 163730260,
        "placeId" : "ChIJLe935Z4HbUcRI2MVdrd0AkY",
        "name" : "Eblinger & Partner Personnel and Management Consulting Gmbh",
        "locationConfidence" : 0.45187545
      } ],
      "editConfirmationStatus" : "NOT_CONFIRMED"
    }
  }, {
    "activitySegment" : {
      "startLocation" : {
        "latitudeE7" : 482080068,
        "longitudeE7" : 163712309,
        "sourceInfo" : {
          "deviceTag" : 1858679629
        }
      },
      "endLocation" : {
        "latitudeE7" : 481971524,
        "longitudeE7" : 163462028,
        "sourceInfo" : {
          "deviceTag" : 1858679629
        }
      },
      "duration" : {
        "startTimestampMs" : "1526574555632",
        "endTimestampMs" : "1526575605000"
      },
      "distance" : 2573,
      "activityType" : "IN_SUBWAY",
      "confidence" : "MEDIUM",
      "activities" : [ {
        "activityType" : "IN_SUBWAY",
        "probability" : 82.84169401442396
      }, {
        "activityType" : "WALKING",
        "probability" : 13.74045219602053
      }, {
        "activityType" : "IN_PASSENGER_VEHICLE",
        "probability" : 2.0233694430979545
      } ],
      "transitPath" : {
        "transitStops" : [ {
          "latitudeE7" : 482080068,
          "longitudeE7" : 163712309,
          "placeId" : "ChIJQ-lZKZ8HbUcRLnHPUlkyNqE",
          "address" : "1010 Wien\nÖsterreich",
          "name" : "Stephansplatz"
        }, {
          "latitudeE7" : 481971524,
          "longitudeE7" : 163462028,
          "placeId" : "ChIJh8RBDosHbUcRc0i0LbPgHAg",
          "name" : "Zieglergasse"
        } ],
        "name" : "U3",
        "hexRgbColor" : "F57C00"
      },
      "simplifiedRawPath" : {
        "points" : [ {
          "latE7" : 481968851,
          "lngE7" : 163443750,
          "timestampMs" : "1526575372000",
          "accuracyMeters" : 18
        }, {
          "latE7" : 481991496,
          "lngE7" : 163439624,
          "timestampMs" : "1526575590000",
          "accuracyMeters" : 10
        } ]
      },
      "editConfirmationStatus" : "NOT_CONFIRMED"
    }
  }, {
    "placeVisit" : {
      "location" : {
        "latitudeE7" : 481995264,
        "longitudeE7" : 163458338,
        "placeId" : "ChIJm_dcvIwHbUcRcqeJB4WXkT4",
        "address" : "Lindengasse 56, 1070 Wien, Österreich",
        "name" : "Impact Hub Vienna",
        "sourceInfo" : {
          "deviceTag" : 1858679629
        },
        "locationConfidence" : 95.27083
      },
      "duration" : {
        "startTimestampMs" : "1526575605000",
        "endTimestampMs" : "1526584525629"
      },
      "placeConfidence" : "HIGH_CONFIDENCE",
      "centerLatE7" : 481996511,
      "centerLngE7" : 163456665,
      "visitConfidence" : 91,
      "otherCandidateLocations" : [ {
        "latitudeE7" : 481991695,
        "longitudeE7" : 163448163,
        "placeId" : "ChIJjxdnqYwHbUcRLPokCMX03RU",
        "name" : "Kreuz & Quer Tattoo & Piercing-Studio Wien",
        "locationConfidence" : 0.1655718
      }, {
        "latitudeE7" : 481986674,
        "longitudeE7" : 163453203,
        "placeId" : "ChIJPTglWYsHbUcRlijHnikFVIc",
        "name" : "Nakwon Supermarket",
        "locationConfidence" : 0.13731195
      }, {
        "latitudeE7" : 482002810,
        "longitudeE7" : 163459170,
        "placeId" : "ChIJc6mNqY0HbUcRUTjwj-tveuI",
        "name" : "Iventa Group Holding GmbH",
        "locationConfidence" : 0.11961014
      }, {
        "latitudeE7" : 481995890,
        "longitudeE7" : 163472374,
        "placeId" : "ChIJm-oMkowHbUcR34adb1DYLH0",
        "name" : "STIL-LADEN",
        "locationConfidence" : 0.104347594
      } ],
      "editConfirmationStatus" : "NOT_CONFIRMED"
    }
  }, {
    "activitySegment" : {
      "startLocation" : {
        "latitudeE7" : 481987503,
        "longitudeE7" : 163451768,
        "sourceInfo" : {
          "deviceTag" : 1858679629
        }
      },
      "endLocation" : {
        "latitudeE7" : 481969894,
        "longitudeE7" : 163456121,
        "sourceInfo" : {
          "deviceTag" : 1858679629
        }
      },
      "duration" : {
        "startTimestampMs" : "1526584525629",
        "endTimestampMs" : "1526584718890"
      },
      "distance" : 208,
      "activityType" : "WALKING",
      "confidence" : "HIGH",
      "activities" : [ {
        "activityType" : "WALKING",
        "probability" : 91.37144724371538
      }, {
        "activityType" : "IN_SUBWAY",
        "probability" : 6.56217558250021
      }, {
        "activityType" : "IN_PASSENGER_VEHICLE",
        "probability" : 0.8375059829712628
      } ],
      "waypointPath" : {
        "waypoints" : [ {
          "latE7" : 481987571,
          "lngE7" : 163452243
        }, {
          "latE7" : 481983642,
          "lngE7" : 163453865
        }, {
          "latE7" : 481969833,
          "lngE7" : 163456153
        } ]
      },
      "simplifiedRawPath" : {
        "points" : [ {
          "latE7" : 481985121,
          "lngE7" : 163451340,
          "timestampMs" : "1526584540672",
          "accuracyMeters" : 14
        } ]
      },
      "editConfirmationStatus" : "NOT_CONFIRMED"
    }
  }, {
    "activitySegment" : {
      "startLocation" : {
        "latitudeE7" : 481969894,
        "longitudeE7" : 163456121,
        "sourceInfo" : {
          "deviceTag" : 1858679629
        }
      },
      "endLocation" : {
        "latitudeE7" : 480607638,
        "longitudeE7" : 137741470,
        "sourceInfo" : {
          "deviceTag" : 1858679629
        }
      },
      "duration" : {
        "startTimestampMs" : "1526584718890",
        "endTimestampMs" : "1526618434001"
      },
      "distance" : 195152,
      "activityType" : "RUNNING",
      "confidence" : "LOW",
      "activities" : [ {
        "activityType" : "RUNNING",
        "probability" : 44.39756590717282
      }, {
        "activityType" : "WALKING",
        "probability" : 32.11960256107106
      }, {
        "activityType" : "CYCLING",
        "probability" : 7.775373090595259
      } ],
      "simplifiedRawPath" : {
        "points" : [ {
          "latE7" : 481888258,
          "lngE7" : 163382060,
          "timestampMs" : "1526585259838",
          "accuracyMeters" : 16
        }, {
          "latE7" : 480679825,
          "lngE7" : 137841272,
          "timestampMs" : "1526617214100",
          "accuracyMeters" : 23
        }, {
          "latE7" : 480684602,
          "lngE7" : 137853927,
          "timestampMs" : "1526617260000",
          "accuracyMeters" : 10
        }, {
          "latE7" : 480707885,
          "lngE7" : 137874873,
          "timestampMs" : "1526617353000",
          "accuracyMeters" : 10
        }, {
          "latE7" : 480698084,
          "lngE7" : 137920430,
          "timestampMs" : "1526617462000",
          "accuracyMeters" : 10
        }, {
          "latE7" : 480685026,
          "lngE7" : 137919864,
          "timestampMs" : "1526617509000",
          "accuracyMeters" : 10
        }, {
          "latE7" : 480654282,
          "lngE7" : 137897764,
          "timestampMs" : "1526617632000",
          "accuracyMeters" : 10
        }, {
          "latE7" : 480647556,
          "lngE7" : 137883390,
          "timestampMs" : "1526617678000",
          "accuracyMeters" : 10
        }, {
          "latE7" : 480618318,
          "lngE7" : 137870914,
          "timestampMs" : "1526617786000",
          "accuracyMeters" : 10
        }, {
          "latE7" : 480623069,
          "lngE7" : 137811667,
          "timestampMs" : "1526617910000",
          "accuracyMeters" : 10
        }, {
          "latE7" : 480588226,
          "lngE7" : 137758365,
          "timestampMs" : "1526618079000",
          "accuracyMeters" : 10
        }, {
          "latE7" : 480567242,
          "lngE7" : 137722223,
          "timestampMs" : "1526618187000",
          "accuracyMeters" : 10
        }, {
          "latE7" : 480584163,
          "lngE7" : 137692422,
          "timestampMs" : "1526618280000",
          "accuracyMeters" : 10
        }, {
          "latE7" : 480603373,
          "lngE7" : 137738652,
          "timestampMs" : "1526618418000",
          "accuracyMeters" : 10
        } ]
      },
      "editConfirmationStatus" : "NOT_CONFIRMED"
    }
  }, {
    "activitySegment" : {
      "startLocation" : {
        "latitudeE7" : 480607638,
        "longitudeE7" : 137741470,
        "sourceInfo" : {
          "deviceTag" : 1858679629
        }
      },
      "endLocation" : {
        "latitudeE7" : 480678383,
        "longitudeE7" : 137842621,
        "sourceInfo" : {
          "deviceTag" : 1858679629
        }
      },
      "duration" : {
        "startTimestampMs" : "1526618434001",
        "endTimestampMs" : "1526847237000"
      },
      "activityType" : "UNKNOWN_ACTIVITY_TYPE",
      "activities" : [ {
        "activityType" : "UNKNOWN_ACTIVITY_TYPE",
        "probability" : 0.0
      } ],
      "simplifiedRawPath" : {
        "points" : [ {
          "latE7" : 482992173,
          "lngE7" : 142901632,
          "timestampMs" : "1526705911000",
          "accuracyMeters" : 10
        }, {
          "latE7" : 482730811,
          "lngE7" : 142409211,
          "timestampMs" : "1526707436000",
          "accuracyMeters" : 19
        } ]
      }
    }
  }, {
    "activitySegment" : {
      "startLocation" : {
        "latitudeE7" : 480678383,
        "longitudeE7" : 137842621,
        "sourceInfo" : {
          "deviceTag" : 1858679629
        }
      },
      "endLocation" : {
        "latitudeE7" : 480653915,
        "longitudeE7" : 137777184,
        "sourceInfo" : {
          "deviceTag" : 1858679629
        }
      },
      "duration" : {
        "startTimestampMs" : "1526847237000",
        "endTimestampMs" : "1526847423000"
      },
      "distance" : 591,
      "activityType" : "CYCLING",
      "confidence" : "MEDIUM",
      "activities" : [ {
        "activityType" : "CYCLING",
        "probability" : 79.52737363594771
      }, {
        "activityType" : "RUNNING",
        "probability" : 18.721453736273332
      }, {
        "activityType" : "WALKING",
        "probability" : 1.259319553077131
      } ],
      "waypointPath" : {
        "waypoints" : [ {
          "latE7" : 480678329,
          "lngE7" : 137842350
        }, {
          "latE7" : 480654029,
          "lngE7" : 137777032
        } ]
      },
      "editConfirmationStatus" : "NOT_CONFIRMED"
    }
  }, {
    "activitySegment" : {
      "startLocation" : {
        "latitudeE7" : 480655643,
        "longitudeE7" : 137779937,
        "sourceInfo" : {
          "deviceTag" : 1858679629
        }
      },
      "endLocation" : {
        "latitudeE7" : 481336842,
        "longitudeE7" : 136818554,
        "sourceInfo" : {
          "deviceTag" : 1858679629
        }
      },
      "duration" : {
        "startTimestampMs" : "1526847423000",
        "endTimestampMs" : "1526849642000"
      },
      "distance" : 6809,
      "activityType" : "RUNNING",
      "confidence" : "HIGH",
      "activities" : [ {
        "activityType" : "RUNNING",
        "probability" : 99.0394726579385
      }, {
        "activityType" : "WALKING",
        "probability" : 0.6596041552930989
      }, {
        "activityType" : "CYCLING",
        "probability" : 0.26245173675346173
      } ],
      "simplifiedRawPath" : {
        "points" : [ {
          "latE7" : 480635674,
          "lngE7" : 137697498,
          "timestampMs" : "1526847609000",
          "accuracyMeters" : 10
        }, {
          "latE7" : 480636322,
          "lngE7" : 137667025,
          "timestampMs" : "1526847670000",
          "accuracyMeters" : 10
        }, {
          "latE7" : 480617986,
          "lngE7" : 137680215,
          "timestampMs" : "1526847763000",
          "accuracyMeters" : 10
        }, {
          "latE7" : 480582265,
          "lngE7" : 137695816,
          "timestampMs" : "1526847885000",
          "accuracyMeters" : 10
        }, {
          "latE7" : 480567556,
          "lngE7" : 137722107,
          "timestampMs" : "1526847964000",
          "accuracyMeters" : 10
        }, {
          "latE7" : 480522842,
          "lngE7" : 137661990,
          "timestampMs" : "1526848182000",
          "accuracyMeters" : 10
        }, {
          "latE7" : 480509765,
          "lngE7" : 137661300,
          "timestampMs" : "1526848229000",
          "accuracyMeters" : 10
        }, {
          "latE7" : 480516605,
          "lngE7" : 137685173,
          "timestampMs" : "1526848309000",
          "accuracyMeters" : 10
        }, {
          "latE7" : 480506727,
          "lngE7" : 137712643,
          "timestampMs" : "1526848387000",
          "accuracyMeters" : 10
        }, {
          "latE7" : 480522721,
          "lngE7" : 137729357,
          "timestampMs" : "1526848465000",
          "accuracyMeters" : 10
        }, {
          "latE7" : 480531143,
          "lngE7" : 137722847,
          "timestampMs" : "1526848496000",
          "accuracyMeters" : 10
        }, {
          "latE7" : 480549464,
          "lngE7" : 137770318,
          "timestampMs" : "1526848652000",
          "accuracyMeters" : 10
        }, {
          "latE7" : 480562507,
          "lngE7" : 137781252,
          "timestampMs" : "1526848715000",
          "accuracyMeters" : 10
        }, {
          "latE7" : 480568482,
          "lngE7" : 137904113,
          "timestampMs" : "1526849053000",
          "accuracyMeters" : 10
        }, {
          "latE7" : 480609985,
          "lngE7" : 137877823,
          "timestampMs" : "1526849224000",
          "accuracyMeters" : 10
        }, {
          "latE7" : 480650719,
          "lngE7" : 137870788,
          "timestampMs" : "1526849394000",
          "accuracyMeters" : 10
        }, {
          "latE7" : 480661366,
          "lngE7" : 137862919,
          "timestampMs" : "1526849440000",
          "accuracyMeters" : 10
        }, {
          "latE7" : 480654883,
          "lngE7" : 137838320,
          "timestampMs" : "1526849517000",
          "accuracyMeters" : 10
        }, {
          "latE7" : 480636914,
          "lngE7" : 137812042,
          "timestampMs" : "1526849626000",
          "accuracyMeters" : 10
        } ]
      },
      "editConfirmationStatus" : "NOT_CONFIRMED"
    }
  }, {
    "placeVisit" : {
      "location" : {
        "latitudeE7" : 481335737,
        "longitudeE7" : 136819731,
        "placeId" : "ChIJi6J9aKUOdEcRgq7VqLBYWsw",
        "address" : "Hueb 10, 4674 Altenhof am Hausruck, Österreich",
        "name" : "Assista Social Services GmbH",
        "sourceInfo" : {
          "deviceTag" : 1858679629
        },
        "locationConfidence" : 95.628654
      },
      "duration" : {
        "startTimestampMs" : "1526987348287",
        "endTimestampMs" : "1526990045240"
      },
      "placeConfidence" : "HIGH_CONFIDENCE",
      "centerLatE7" : 481336357,
      "centerLngE7" : 136820393,
      "visitConfidence" : 94,
      "otherCandidateLocations" : [ {
        "latitudeE7" : 481335831,
        "longitudeE7" : 136817837,
        "placeId" : "ChIJi6J9aKUOdEcRyE5KhQ7f14A",
        "locationConfidence" : 3.7509725
      }, {
        "latitudeE7" : 481335737,
        "longitudeE7" : 136819731,
        "placeId" : "ChIJi6J9aKUOdEcRd_hiHlj8SpA",
        "name" : "Cafe Hausruckwald",
        "locationConfidence" : 0.19924806
      }, {
        "latitudeE7" : 481335737,
        "longitudeE7" : 136819731,
        "placeId" : "ChIJi6J9aKUOdEcRYR8ypi_xJvE",
        "name" : "Das Dorf Verein Lebenswertes Leben",
        "locationConfidence" : 0.107294865
      }, {
        "latitudeE7" : 481335737,
        "longitudeE7" : 136819731,
        "placeId" : "ChIJE_V9aKUOdEcRrX-smBaiGa8",
        "name" : "Institut für Physiotherapie, Logopädie und Ergotherapie",
        "locationConfidence" : 0.08234435
      } ],
      "editConfirmationStatus" : "NOT_CONFIRMED"
    }
  }, {
    "activitySegment" : {
      "startLocation" : {
        "latitudeE7" : 481333189,
        "longitudeE7" : 136834075,
        "sourceInfo" : {
          "deviceTag" : 1858679629
        }
      },
      "endLocation" : {
        "latitudeE7" : 482796080,
        "longitudeE7" : 143048770,
        "sourceInfo" : {
          "deviceTag" : 1858679629
        }
      },
      "duration" : {
        "startTimestampMs" : "1526990045240",
        "endTimestampMs" : "1526992552000"
      },
      "distance" : 59651,
      "activityType" : "IN_PASSENGER_VEHICLE",
      "confidence" : "HIGH",
      "activities" : [ {
        "activityType" : "IN_PASSENGER_VEHICLE",
        "probability" : 99.91076797614991
      }, {
        "activityType" : "WALKING",
        "probability" : 0.08305709351829078
      }, {
        "activityType" : "IN_BUS",
        "probability" : 0.0019867872892975116
      } ],
      "waypointPath" : {
        "waypoints" : [ {
          "latE7" : 481333198,
          "lngE7" : 136834077
        }, {
          "latE7" : 481986312,
          "lngE7" : 142493953
        }, {
          "latE7" : 482793922,
          "lngE7" : 143051824
        } ]
      },
      "simplifiedRawPath" : {
        "points" : [ {
          "latE7" : 481977502,
          "lngE7" : 142476677,
          "timestampMs" : "1526991986000",
          "accuracyMeters" : 10
        } ]
      },
      "editConfirmationStatus" : "NOT_CONFIRMED",
      "parkingEvent" : {
        "timestampMs" : "1526992695437",
        "location" : {
          "latitudeE7" : 482797263,
          "longitudeE7" : 143039168,
          "accuracyMetres" : 72
        }
      }
    }
  }, {
    "placeVisit" : {
      "location" : {
        "latitudeE7" : 482796080,
        "longitudeE7" : 143048770,
        "placeId" : "ChIJ91WipcWXc0cRMOAsF4CMufY",
        "address" : "Wankmüllerhofstraße 60, 4020 Linz, Österreich",
        "name" : "ÖAMTC Linz",
        "sourceInfo" : {
          "deviceTag" : 1858679629
        },
        "locationConfidence" : 87.91363
      },
      "duration" : {
        "startTimestampMs" : "1526992552000",
        "endTimestampMs" : "1526996660324"
      },
      "placeConfidence" : "MEDIUM_CONFIDENCE",
      "centerLatE7" : 482799044,
      "centerLngE7" : 143047241,
      "visitConfidence" : 93,
      "otherCandidateLocations" : [ {
        "latitudeE7" : 482796260,
        "longitudeE7" : 143050917,
        "placeId" : "ChIJAewRCsWXc0cRMYz5VBFYVTA",
        "name" : "Generali Kfz-Zulassungsstelle Linz",
        "locationConfidence" : 4.0632806
      }, {
        "latitudeE7" : 482796440,
        "longitudeE7" : 143048770,
        "placeId" : "ChIJ91WipcWXc0cR2FuT_FWVcxg",
        "name" : "ÖAMTC Reisebüro",
        "locationConfidence" : 2.1776428
      }, {
        "latitudeE7" : 482802150,
        "longitudeE7" : 143046120,
        "placeId" : "ChIJv0iF6peXc0cRnQwqg9lFiQw",
        "name" : "Industrie Informatik GmbH",
        "locationConfidence" : 1.5433207
      }, {
        "latitudeE7" : 482810670,
        "longitudeE7" : 143046920,
        "placeId" : "ChIJ350nTsSXc0cRanIcB15ta_M",
        "name" : "5 SENSES",
        "locationConfidence" : 1.2994177
      }, {
        "latitudeE7" : 482808908,
        "longitudeE7" : 142970539,
        "placeId" : "ChIJDR_0sceXc0cRlIKj2yoPKXE",
        "name" : "Kepler University Hospital, Campus Neuromed",
        "locationConfidence" : 0.7922628
      }, {
        "latitudeE7" : 482794000,
        "longitudeE7" : 143088000,
        "placeId" : "ChIJlyA2ztqXc0cRcQ1cNrWgguY",
        "name" : "WIFI Upper Austria GmbH",
        "locationConfidence" : 0.6239473
      }, {
        "latitudeE7" : 482797630,
        "longitudeE7" : 143053960,
        "placeId" : "ChIJobwnD8WXc0cRVFti0BdbFTU",
        "name" : "Linz/Donau WIFI (Wankmüllerhofstraße)",
        "locationConfidence" : 0.4973399
      }, {
        "latitudeE7" : 482808002,
        "longitudeE7" : 143053298,
        "placeId" : "ChIJ2fo6_cSXc0cRdINiMX17kAw",
        "name" : "ibis Styles Hotel Linz",
        "locationConfidence" : 0.2997996
      }, {
        "latitudeE7" : 482809872,
        "longitudeE7" : 143075906,
        "placeId" : "ChIJ67cTw8SXc0cROMLhN1VMOo4",
        "name" : "Siemens Oberösterreich",
        "locationConfidence" : 0.10617122
      } ],
      "editConfirmationStatus" : "NOT_CONFIRMED"
    }
  }, {
    "activitySegment" : {
      "startLocation" : {
        "latitudeE7" : 479499798,
        "longitudeE7" : 135239405,
        "sourceInfo" : {
          "deviceTag" : 1858679629
        }
      },
      "endLocation" : {
        "latitudeE7" : 479538692,
        "longitudeE7" : 136593160,
        "sourceInfo" : {
          "deviceTag" : 1858679629
        }
      },
      "duration" : {
        "startTimestampMs" : "1527105178554",
        "endTimestampMs" : "1527105456000"
      },
      "distance" : 10172,
      "activityType" : "IN_PASSENGER_VEHICLE",
      "confidence" : "HIGH",
      "activities" : [ {
        "activityType" : "IN_PASSENGER_VEHICLE",
        "probability" : 99.16144483731874
      }, {
        "activityType" : "WALKING",
        "probability" : 0.40267996647587784
      }, {
        "activityType" : "FLYING",
        "probability" : 0.2571303902353782
      } ],
      "waypointPath" : {
        "waypoints" : [ {
          "latE7" : 479499931,
          "lngE7" : 135239200
        }, {
          "latE7" : 479509468,
          "lngE7" : 136178464
        }, {
          "latE7" : 479539833,
          "lngE7" : 136594409
        } ]
      },
      "editConfirmationStatus" : "NOT_CONFIRMED"
    }
  }, {
    "placeVisit" : {
      "location" : {
        "latitudeE7" : 480679588,
        "longitudeE7" : 137838583,
        "placeId" : "ChIJ4cyudOf3c0cRzoGC4MxnR18",
        "address" : "Schlatt 7\n4691 Schlatt\nÖsterreich",
        "name" : "Schlatt 7",
        "sourceInfo" : {
          "deviceTag" : 1858679629
        },
        "locationConfidence" : 91.89276
      },
      "duration" : {
        "startTimestampMs" : "1527404060608",
        "endTimestampMs" : "1527407034989"
      },
      "placeConfidence" : "HIGH_CONFIDENCE",
      "centerLatE7" : 480679898,
      "centerLngE7" : 137837386,
      "visitConfidence" : 92,
      "otherCandidateLocations" : [ {
        "latitudeE7" : 480676107,
        "longitudeE7" : 137840637,
        "placeId" : "ChIJfetMp-f3c0cRNQ8GhJAcjJg",
        "semanticType" : "TYPE_SEARCHED_ADDRESS",
        "locationConfidence" : 7.5129986
      }, {
        "latitudeE7" : 480695220,
        "longitudeE7" : 137868153,
        "placeId" : "ChIJp0zQQt33c0cR-wO_2GAOjjc",
        "name" : "Gemüsehof Niedermaier",
        "locationConfidence" : 0.16958553
      }, {
        "latitudeE7" : 480768456,
        "longitudeE7" : 137731357,
        "placeId" : "ChIJG92JBicIdEcRUE76vQOPBUA",
        "name" : "Geißlholz",
        "locationConfidence" : 0.14842528
      }, {
        "latitudeE7" : 480680117,
        "longitudeE7" : 137800141,
        "placeId" : "ChIJaapsz-D3c0cRH0cs5FolonU",
        "locationConfidence" : 0.08246071
      } ],
      "editConfirmationStatus" : "NOT_CONFIRMED"
    }
  }, {
    "activitySegment" : {
      "startLocation" : {
        "latitudeE7" : 480680426,
        "longitudeE7" : 137838004,
        "sourceInfo" : {
          "deviceTag" : 1858679629
        }
      },
      "endLocation" : {
        "latitudeE7" : 481336036,
        "longitudeE7" : 136817922,
        "sourceInfo" : {
          "deviceTag" : 1858679629
        }
      },
      "duration" : {
        "startTimestampMs" : "1527407034989",
        "endTimestampMs" : "1527408177660"
      },
      "distance" : 11260,
      "activityType" : "IN_PASSENGER_VEHICLE",
      "confidence" : "HIGH",
      "activities" : [ {
        "activityType" : "IN_PASSENGER_VEHICLE",
        "probability" : 98.91586475033198
      }, {
        "activityType" : "WALKING",
        "probability" : 0.8168309879615535
      }, {
        "activityType" : "IN_BUS",
        "probability" : 0.21855538283676842
      } ],
      "waypointPath" : {
        "waypoints" : [ {
          "latE7" : 480678100,
          "lngE7" : 137838125
        }, {
          "latE7" : 481390495,
          "lngE7" : 137324781
        }, {
          "latE7" : 481333656,
          "lngE7" : 136825218
        } ]
      },
      "editConfirmationStatus" : "NOT_CONFIRMED",
      "parkingEvent" : {
        "timestampMs" : "1527408177660",
        "location" : {
          "latitudeE7" : 481336036,
          "longitudeE7" : 136817922,
          "accuracyMetres" : 210
        }
      }
    }
  }, {
    "placeVisit" : {
      "location" : {
        "latitudeE7" : 481335737,
        "longitudeE7" : 136819731,
        "placeId" : "ChIJi6J9aKUOdEcRgq7VqLBYWsw",
        "address" : "Hueb 10, 4674 Altenhof am Hausruck, Österreich",
        "name" : "Assista Social Services GmbH",
        "sourceInfo" : {
          "deviceTag" : 1858679629
        },
        "locationConfidence" : 85.42262
      },
      "duration" : {
        "startTimestampMs" : "1527408177660",
        "endTimestampMs" : "1527413056427"
      },
      "placeConfidence" : "MEDIUM_CONFIDENCE",
      "centerLatE7" : 481334785,
      "centerLngE7" : 136821669,
      "visitConfidence" : 96,
      "otherCandidateLocations" : [ {
        "latitudeE7" : 481336403,
        "longitudeE7" : 136818295,
        "placeId" : "ChIJi6J9aKUOdEcRyE5KhQ7f14A",
        "locationConfidence" : 11.439223
      }, {
        "latitudeE7" : 481335737,
        "longitudeE7" : 136819731,
        "placeId" : "ChIJi6J9aKUOdEcRd_hiHlj8SpA",
        "name" : "Cafe Hausruckwald",
        "locationConfidence" : 1.4498029
      }, {
        "latitudeE7" : 481335737,
        "longitudeE7" : 136819731,
        "placeId" : "ChIJi6J9aKUOdEcRYR8ypi_xJvE",
        "name" : "Das Dorf Verein Lebenswertes Leben",
        "locationConfidence" : 0.72202367
      }, {
        "latitudeE7" : 481335737,
        "longitudeE7" : 136819731,
        "placeId" : "ChIJi6J9aKUOdEcRMa1Uy463SW8",
        "name" : "Postbriefkasten",
        "locationConfidence" : 0.32264617
      }, {
        "latitudeE7" : 481335737,
        "longitudeE7" : 136819731,
        "placeId" : "ChIJE_V9aKUOdEcRrX-smBaiGa8",
        "name" : "Institut für Physiotherapie, Logopädie und Ergotherapie",
        "locationConfidence" : 0.29857954
      }, {
        "latitudeE7" : 481335737,
        "longitudeE7" : 136819731,
        "placeId" : "ChIJi6J9aKUOdEcRBuDZhnBSzkk",
        "name" : "Raiffeisenbank Region Hausruck, Zahlstelle \"Das Dorf\"",
        "locationConfidence" : 0.19929627
      } ],
      "editConfirmationStatus" : "NOT_CONFIRMED"
    }
  }, {
    "activitySegment" : {
      "startLocation" : {
        "latitudeE7" : 481332206,
        "longitudeE7" : 136826277,
        "sourceInfo" : {
          "deviceTag" : 1858679629
        }
      },
      "endLocation" : {
        "latitudeE7" : 473860845,
        "longitudeE7" : 149021252,
        "sourceInfo" : {
          "deviceTag" : 1858679629
        }
      },
      "duration" : {
        "startTimestampMs" : "1527413056427",
        "endTimestampMs" : "1527421631000"
      },
      "distance" : 135442,
      "activityType" : "IN_PASSENGER_VEHICLE",
      "confidence" : "HIGH",
      "activities" : [ {
        "activityType" : "IN_PASSENGER_VEHICLE",
        "probability" : 97.6595622871756
      }, {
        "activityType" : "WALKING",
        "probability" : 1.4730491528944611
      }, {
        "activityType" : "IN_BUS",
        "probability" : 0.5317541638298175
      } ],
      "waypointPath" : {
        "waypoints" : [ {
          "latE7" : 481332283,
          "lngE7" : 136826438
        }, {
          "latE7" : 481830940,
          "lngE7" : 137813730
        }, {
          "latE7" : 481699028,
          "lngE7" : 140222473
        }, {
          "latE7" : 478199310,
          "lngE7" : 141679840
        }, {
          "latE7" : 473860855,
          "lngE7" : 149018068
        } ]
      },
      "editConfirmationStatus" : "NOT_CONFIRMED",
      "parkingEvent" : {
        "timestampMs" : "1527421823699",
        "location" : {
          "latitudeE7" : 473860845,
          "longitudeE7" : 149021252,
          "accuracyMetres" : 74
        }
      }
    }
  }, {
    "placeVisit" : {
      "location" : {
        "latitudeE7" : 473860899,
        "longitudeE7" : 149020264,
        "placeId" : "ChIJD9eQnFXCcUcRiQMW4YE3VWo",
        "address" : "Mühlgraben 20, 8773 Kammern im Liesingtal, Österreich",
        "name" : "Landzeit Kammern",
        "sourceInfo" : {
          "deviceTag" : 1858679629
        },
        "locationConfidence" : 85.87608
      },
      "duration" : {
        "startTimestampMs" : "1527421631000",
        "endTimestampMs" : "1527422090084"
      },
      "placeConfidence" : "MEDIUM_CONFIDENCE",
      "centerLatE7" : 473860717,
      "centerLngE7" : 149021600,
      "visitConfidence" : 91,
      "otherCandidateLocations" : [ {
        "latitudeE7" : 473860650,
        "longitudeE7" : 148992124,
        "placeId" : "ChIJ69VGnFXCcUcR_nxSQLKzr9Y",
        "name" : "Eni",
        "locationConfidence" : 11.655116
      }, {
        "latitudeE7" : 473607557,
        "longitudeE7" : 148492440,
        "placeId" : "ChIJBStsV_fDcUcRghd6i77vJQw",
        "name" : "Finsterwald",
        "locationConfidence" : 1.1125573
      }, {
        "latitudeE7" : 473853132,
        "longitudeE7" : 148988564,
        "placeId" : "ChIJU_DHhajDcUcRjSBVK4FUKr0",
        "name" : "Liesing",
        "locationConfidence" : 0.63501847
      }, {
        "latitudeE7" : 473792506,
        "longitudeE7" : 149079229,
        "placeId" : "ChIJP8uC6gHDcUcR-73G3U_Tbtc",
        "name" : "Kammersbach",
        "locationConfidence" : 0.3684088
      }, {
        "latitudeE7" : 473878831,
        "longitudeE7" : 149003550,
        "placeId" : "ChIJSUWL31XCcUcRRrHdDDPlBOg",
        "name" : "Wolf Plastics Verpackungen GmbH",
        "locationConfidence" : 0.11450321
      }, {
        "latitudeE7" : 473885933,
        "longitudeE7" : 149033748,
        "placeId" : "ChIJSUWL31XCcUcRwQbYyVgKzrI",
        "name" : "Wagner Pools e.U.",
        "locationConfidence" : 0.104251266
      } ],
      "editConfirmationStatus" : "NOT_CONFIRMED"
    }
  }, {
    "placeVisit" : {
      "location" : {
        "latitudeE7" : 472307830,
        "longitudeE7" : 158249021,
        "placeId" : "ChIJLT3jkWVcbkcRTZyeP2RrQt4",
        "address" : "Vockenberg 81, 8223 Stubenberg, Hartberg, Steiermark, Österreich",
        "name" : "Schloss Schielleiten",
        "sourceInfo" : {
          "deviceTag" : 1858679629
        },
        "locationConfidence" : 53.40147
      },
      "duration" : {
        "startTimestampMs" : "1527590446819",
        "endTimestampMs" : "1527591237255"
      },
      "placeConfidence" : "LOW_CONFIDENCE",
      "centerLatE7" : 472315500,
      "centerLngE7" : 158229811,
      "visitConfidence" : 90,
      "otherCandidateLocations" : [ {
        "latitudeE7" : 472310379,
        "longitudeE7" : 158241399,
        "placeId" : "ChIJLT3jkWVcbkcRTZyeP2RrQt4",
        "name" : "BSFZ Schloss Schielleiten",
        "locationConfidence" : 27.962662
      }, {
        "latitudeE7" : 472308683,
        "longitudeE7" : 158259630,
        "placeId" : "ChIJA5RIYG9cbkcRq5hsMniGM5E",
        "name" : "Schielleiten",
        "locationConfidence" : 16.974054
      }, {
        "latitudeE7" : 472308623,
        "longitudeE7" : 158240762,
        "placeId" : "ChIJeVlCURJgdEcRRZC0UCbHLNU",
        "name" : "Postbriefkasten",
        "locationConfidence" : 0.7784781
      }, {
        "latitudeE7" : 472307830,
        "longitudeE7" : 158249021,
        "placeId" : "ChIJLT3jkWVcbkcR2636sVgn0YE",
        "locationConfidence" : 0.544758
      }, {
        "latitudeE7" : 472337320,
        "longitudeE7" : 158219368,
        "placeId" : "ChIJM5UhvGZcbkcRFG9vdrX5zoM",
        "locationConfidence" : 0.24846862
      } ],
      "editConfirmationStatus" : "NOT_CONFIRMED"
    }
  }, {
    "activitySegment" : {
      "startLocation" : {
        "latitudeE7" : 472315510,
        "longitudeE7" : 158229893,
        "sourceInfo" : {
          "deviceTag" : 1858679629
        }
      },
      "endLocation" : {
        "latitudeE7" : 472309330,
        "longitudeE7" : 158242517,
        "sourceInfo" : {
          "deviceTag" : 1858679629
        }
      },
      "duration" : {
        "startTimestampMs" : "1527591237357",
        "endTimestampMs" : "1527591503042"
      },
      "distance" : 107,
      "activityType" : "WALKING",
      "confidence" : "MEDIUM",
      "activities" : [ {
        "activityType" : "WALKING",
        "probability" : 82.04320268652498
      }, {
        "activityType" : "IN_PASSENGER_VEHICLE",
        "probability" : 16.28211930363657
      }, {
        "activityType" : "CYCLING",
        "probability" : 1.309224874793847
      } ],
      "waypointPath" : {
        "waypoints" : [ {
          "latE7" : 472314071,
          "lngE7" : 158237257
        }, {
          "latE7" : 472311363,
          "lngE7" : 158237962
        }, {
          "latE7" : 472308616,
          "lngE7" : 158239030
        } ]
      },
      "editConfirmationStatus" : "NOT_CONFIRMED"
    }
  } ]
}