{
  "timelineObjects" : [ {
    "activitySegment" : {
      "startLocation" : {
        "latitudeE7" : 481319103,
        "longitudeE7" : 136847654
      },
      "endLocation" : {
        "latitudeE7" : 482425910,
        "longitudeE7" : 142350607
      },
      "duration" : {
        "startTimestampMs" : "1518181778480",
        "endTimestampMs" : "1518184577170"
      },
      "distance" : 45000,
      "activityType" : "IN_PASSENGER_VEHICLE",
      "confidence" : "HIGH",
      "activities" : [ {
        "activityType" : "IN_PASSENGER_VEHICLE",
        "probability" : 99.54136589955526
      }, {
        "activityType" : "WALKING",
        "probability" : 0.3649169464972494
      }, {
        "activityType" : "MOTORCYCLING",
        "probability" : 0.02660475393939523
      } ],
      "waypointPath" : {
        "waypoints" : [ {
          "latE7" : 481319046,
          "lngE7" : 136847715
        }, {
          "latE7" : 482429084,
          "lngE7" : 142343158
        } ]
      },
      "editConfirmationStatus" : "NOT_CONFIRMED"
    }
  }, {
    "placeVisit" : {
      "location" : {
        "latitudeE7" : 482433515,
        "longitudeE7" : 142353479,
        "placeId" : "ChIJ6xpAGYWWc0cRUYQII3_Uj4E",
        "address" : "Pluskaufstrasse 7, 4061 Pasching, Österreich",
        "name" : "PlusCity",
        "sourceInfo" : {
          "deviceTag" : 1858679629
        },
        "locationConfidence" : 99.812675
      },
      "duration" : {
        "startTimestampMs" : "1518184679066",
        "endTimestampMs" : "1518186287413"
      },
      "placeConfidence" : "HIGH_CONFIDENCE",
      "childVisits" : [ {
        "location" : {
          "latitudeE7" : 482433515,
          "longitudeE7" : 142353479,
          "placeId" : "ChIJ6xpAGYWWc0cRYHTimVu84-4",
          "address" : "Plus-Kauf-Straße 7, 4061 Pasching, Österreich",
          "name" : "Thalia",
          "sourceInfo" : {
            "deviceTag" : 1858679629
          },
          "locationConfidence" : 41.303795
        },
        "duration" : {
          "startTimestampMs" : "1518185353680",
          "endTimestampMs" : "1518185519947"
        },
        "placeConfidence" : "LOW_CONFIDENCE",
        "centerLatE7" : 482443280,
        "centerLngE7" : 142359192,
        "visitConfidence" : 91,
        "otherCandidateLocations" : [ {
          "latitudeE7" : 482433515,
          "longitudeE7" : 142353479,
          "placeId" : "ChIJ6xpAGYWWc0cRUYQII3_Uj4E",
          "address" : "Plus-Kauf-Straße 7\n4061 Pasching\nÖsterreich",
          "name" : "PlusCity",
          "locationConfidence" : 19.676928
        }, {
          "latitudeE7" : 482437850,
          "longitudeE7" : 142358930,
          "placeId" : "ChIJBbKqIYWWc0cRkGbDqc3RbUc",
          "name" : "KIKO Milano",
          "locationConfidence" : 6.3354363
        }, {
          "latitudeE7" : 482439302,
          "longitudeE7" : 142363838,
          "placeId" : "ChIJ6xpAGYWWc0cRIiVsCaUGTUA",
          "name" : "Juwelier Huemer, DIADORO Partner",
          "locationConfidence" : 5.0055137
        }, {
          "latitudeE7" : 482442328,
          "longitudeE7" : 142365790,
          "placeId" : "ChIJ6xpAGYWWc0cRJJuynOiOstQ",
          "name" : "Bijou Brigitte modische Accessoires Gesellschaft m.b.H.",
          "locationConfidence" : 4.6308365
        }, {
          "latitudeE7" : 482438110,
          "longitudeE7" : 142361250,
          "placeId" : "ChIJ2RZiH4WWc0cReaTM1JQqEEw",
          "name" : "Tezenis",
          "locationConfidence" : 3.4215105
        }, {
          "latitudeE7" : 482440901,
          "longitudeE7" : 142356658,
          "placeId" : "ChIJSwsLJIWWc0cR0iKda2Qtue4",
          "name" : "Douglas",
          "locationConfidence" : 1.6032284
        }, {
          "latitudeE7" : 482441738,
          "longitudeE7" : 142361441,
          "placeId" : "ChIJ1XrbIoWWc0cR1qzK1tSwXXs",
          "name" : "SIX Store (PlusCity)",
          "locationConfidence" : 1.5287411
        }, {
          "latitudeE7" : 482445322,
          "longitudeE7" : 142360746,
          "placeId" : "ChIJ6xpAGYWWc0cREZXpNI0DjLo",
          "name" : "Douglas Ã–sterreich",
          "locationConfidence" : 1.5076755
        }, {
          "latitudeE7" : 482439980,
          "longitudeE7" : 142374170,
          "placeId" : "ChIJ9WiAorWWc0cROY5cw5h051s",
          "name" : "Parfümerie Douglas",
          "locationConfidence" : 1.4233125
        } ],
        "editConfirmationStatus" : "NOT_CONFIRMED"
      } ],
      "centerLatE7" : 482441131,
      "centerLngE7" : 142359917,
      "visitConfidence" : 91,
      "otherCandidateLocations" : [ {
        "latitudeE7" : 482427531,
        "longitudeE7" : 142326701,
        "placeId" : "ChIJG4LeD4WWc0cRiVK3x36iYbo",
        "name" : "Hexcel Holding GmbH",
        "locationConfidence" : 0.048845556
      }, {
        "latitudeE7" : 482458921,
        "longitudeE7" : 142340185,
        "placeId" : "ChIJG7cNo5qWc0cRsuiYghK_4Tc",
        "name" : "Einkaufszentrum",
        "locationConfidence" : 0.029964589
      }, {
        "latitudeE7" : 482441918,
        "longitudeE7" : 142391064,
        "placeId" : "ChIJkUV3u4WWc0cRdrq1FqPd_Xg",
        "name" : "Dr. Robert Wilk",
        "locationConfidence" : 0.01707831
      }, {
        "latitudeE7" : 482447280,
        "longitudeE7" : 142377240,
        "placeId" : "ChIJ1Ukjc4WWc0cRVDJeNQpDz7M",
        "name" : "Pasching B.Linz Plus City (North)",
        "locationConfidence" : 0.01282852
      }, {
        "latitudeE7" : 482445015,
        "longitudeE7" : 142386952,
        "placeId" : "ChIJt5o9ooWWc0cRH_WA6vHKDcA",
        "name" : "Concord Matratzen GesmbH",
        "locationConfidence" : 0.009507758
      }, {
        "latitudeE7" : 482431254,
        "longitudeE7" : 142396697,
        "placeId" : "ChIJp-ipNISWc0cRUCOe4yDRVH8",
        "name" : "Hauptschule \"Pasching (im Langholzfeld)\"",
        "locationConfidence" : 0.008572303
      }, {
        "latitudeE7" : 482437580,
        "longitudeE7" : 142394320,
        "placeId" : "ChIJaemTt4WWc0cRhFWx4RXtS7s",
        "name" : "Musikverein Langholzfeld",
        "locationConfidence" : 0.008021504
      }, {
        "latitudeE7" : 482454500,
        "longitudeE7" : 142351270,
        "placeId" : "ChIJA54hs5qWc0cR-4vZk7yGAis",
        "name" : "LolliPark Pasching",
        "locationConfidence" : 0.006414879
      }, {
        "latitudeE7" : 482427795,
        "longitudeE7" : 142381475,
        "placeId" : "ChIJYQHvQoSWc0cRTPyLHwjFWyw",
        "name" : "Netzwerk Pasching Seniorenwohnheim GmbH",
        "locationConfidence" : 0.00620214
      } ],
      "editConfirmationStatus" : "NOT_CONFIRMED",
      "simplifiedRawPath" : {
        "points" : [ {
          "latE7" : 482446149,
          "lngE7" : 142365563,
          "timestampMs" : "1518185212456",
          "accuracyMeters" : 20
        }, {
          "latE7" : 482438109,
          "lngE7" : 142358773,
          "timestampMs" : "1518185560011",
          "accuracyMeters" : 21
        }, {
          "latE7" : 482434035,
          "lngE7" : 142353159,
          "timestampMs" : "1518186105013",
          "accuracyMeters" : 24
        } ]
      }
    }
  }, {
    "activitySegment" : {
      "startLocation" : {
        "latitudeE7" : 482433515,
        "longitudeE7" : 142353479
      },
      "endLocation" : {
        "latitudeE7" : 483118388,
        "longitudeE7" : 142974149
      },
      "duration" : {
        "startTimestampMs" : "1518186287413",
        "endTimestampMs" : "1518187551000"
      },
      "distance" : 12823,
      "activityType" : "IN_PASSENGER_VEHICLE",
      "confidence" : "HIGH",
      "activities" : [ {
        "activityType" : "IN_PASSENGER_VEHICLE",
        "probability" : 99.65734598811355
      }, {
        "activityType" : "WALKING",
        "probability" : 0.2905290308259299
      }, {
        "activityType" : "MOTORCYCLING",
        "probability" : 0.013105744763361628
      } ],
      "waypointPath" : {
        "waypoints" : [ {
          "latE7" : 482432289,
          "lngE7" : 142346229
        }, {
          "latE7" : 483121223,
          "lngE7" : 142971105
        } ]
      },
      "editConfirmationStatus" : "NOT_CONFIRMED",
      "parkingEvent" : {
        "timestampMs" : "1518187635427",
        "location" : {
          "latitudeE7" : 483114157,
          "longitudeE7" : 142989851,
          "accuracyMetres" : 20
        }
      }
    }
  }, {
    "placeVisit" : {
      "location" : {
        "latitudeE7" : 483118388,
        "longitudeE7" : 142974149,
        "placeId" : "ChIJwQJoNiaYc0cRI4ezDbK8Xrk",
        "address" : "Peter-Behrens-Platz 11, 4020 Linz, Österreich",
        "name" : "Tabakfabrik Linz",
        "sourceInfo" : {
          "deviceTag" : 1858679629
        },
        "locationConfidence" : 99.78916
      },
      "duration" : {
        "startTimestampMs" : "1518187551000",
        "endTimestampMs" : "1518198604836"
      },
      "placeConfidence" : "HIGH_CONFIDENCE",
      "childVisits" : [ {
        "location" : {
          "latitudeE7" : 483114449,
          "longitudeE7" : 142988010,
          "placeId" : "ChIJHYbwtieYc0cRUXKt_VRBJ3o",
          "address" : "Peter-Behrens-Platz 10, 4020 Linz, Österreich",
          "name" : "factory300",
          "sourceInfo" : {
            "deviceTag" : 1858679629
          },
          "locationConfidence" : 96.28456
        },
        "duration" : {
          "startTimestampMs" : "1518187551000",
          "endTimestampMs" : "1518198604836"
        },
        "placeConfidence" : "HIGH_CONFIDENCE",
        "centerLatE7" : 483114843,
        "centerLngE7" : 142990542,
        "visitConfidence" : 94,
        "otherCandidateLocations" : [ {
          "latitudeE7" : 483114449,
          "longitudeE7" : 142988010,
          "placeId" : "ChIJHYbwtieYc0cRyxap_Lq93rs",
          "name" : "startup300",
          "locationConfidence" : 2.7600389
        }, {
          "latitudeE7" : 483120689,
          "longitudeE7" : 142988150,
          "placeId" : "ChIJXzuFNSaYc0cRouLiAU8XIyc",
          "name" : "Tabakfabrik Linz",
          "locationConfidence" : 0.27399838
        }, {
          "latitudeE7" : 483118388,
          "longitudeE7" : 142993846,
          "placeId" : "ChIJ-6pOxZyXc0cRv3PaIwQmvUk",
          "name" : "B7 cycling center Linz",
          "locationConfidence" : 0.07960028
        }, {
          "latitudeE7" : 483119163,
          "longitudeE7" : 142994045,
          "placeId" : "ChIJQ60vTSaYc0cRSP5edO-N7Ro",
          "name" : "Gerstäcker Linz GmbH",
          "locationConfidence" : 0.07433994
        }, {
          "latitudeE7" : 483118288,
          "longitudeE7" : 142994376,
          "placeId" : "ChIJQ60vTSaYc0cR6TE9Trgs_VE",
          "name" : "Schule des Ungehorsams",
          "locationConfidence" : 0.02819187
        }, {
          "latitudeE7" : 483106098,
          "longitudeE7" : 142989398,
          "placeId" : "ChIJizNXvSeYc0cRhYRvYhoXTSg",
          "name" : "Today Experts Oberösterreich GmbH",
          "locationConfidence" : 0.014540751
        }, {
          "latitudeE7" : 483108098,
          "longitudeE7" : 142987435,
          "placeId" : "ChIJR83XlyeYc0cRi1gF5Jk6PM4",
          "name" : "Wahlarztordination Dr. med. univ. Thomas Ginsel, MSc",
          "locationConfidence" : 0.011019711
        }, {
          "latitudeE7" : 483106815,
          "longitudeE7" : 142987258,
          "placeId" : "ChIJV0rsapCXc0cRAyTA8nfkrzY",
          "name" : "ZOE",
          "locationConfidence" : 0.009896925
        }, {
          "latitudeE7" : 483097552,
          "longitudeE7" : 142995803,
          "placeId" : "ChIJD1JIeCeYc0cRfr62Ra0vv-Y",
          "name" : "Sieglinde Hoffelner",
          "locationConfidence" : 0.008985506
        } ],
        "editConfirmationStatus" : "NOT_CONFIRMED"
      } ],
      "centerLatE7" : 483114843,
      "centerLngE7" : 142990542,
      "visitConfidence" : 94,
      "otherCandidateLocations" : [ {
        "latitudeE7" : 483106098,
        "longitudeE7" : 142989398,
        "placeId" : "ChIJizNXvSeYc0cRhYRvYhoXTSg",
        "name" : "Today Experts Oberösterreich GmbH",
        "locationConfidence" : 0.015070011
      }, {
        "latitudeE7" : 483108098,
        "longitudeE7" : 142987435,
        "placeId" : "ChIJR83XlyeYc0cRi1gF5Jk6PM4",
        "name" : "Wahlarztordination Dr. med. univ. Thomas Ginsel, MSc",
        "locationConfidence" : 0.01142081
      }, {
        "latitudeE7" : 483106815,
        "longitudeE7" : 142987258,
        "placeId" : "ChIJV0rsapCXc0cRAyTA8nfkrzY",
        "name" : "ZOE",
        "locationConfidence" : 0.010257157
      }, {
        "latitudeE7" : 483097552,
        "longitudeE7" : 142995803,
        "placeId" : "ChIJD1JIeCeYc0cRfr62Ra0vv-Y",
        "name" : "Sieglinde Hoffelner",
        "locationConfidence" : 0.009312564
      }, {
        "latitudeE7" : 483107863,
        "longitudeE7" : 142985719,
        "placeId" : "ChIJSzLzwCeYc0cRgsNk5A4q_G4",
        "name" : "Dr. med. univ . Sabine Holzinger, Wahlärztin",
        "locationConfidence" : 0.009045694
      }, {
        "latitudeE7" : 483107370,
        "longitudeE7" : 142984810,
        "placeId" : "ChIJHRVKUIWXc0cRdHe_J9ybNPA",
        "name" : "Wahlarztordination Dr. Gudrun Piribauer-Döberl",
        "locationConfidence" : 0.007486592
      }, {
        "latitudeE7" : 483128317,
        "longitudeE7" : 142950772,
        "placeId" : "ChIJcfwAvCmYc0cRrbKZRPNGt2Y",
        "name" : "Donau Park",
        "locationConfidence" : 0.0069042104
      }, {
        "latitudeE7" : 483097840,
        "longitudeE7" : 142996070,
        "placeId" : "ChIJD1JIeCeYc0cRiAt_lMKC4YI",
        "name" : "Sonnenstudio Dream.Sun",
        "locationConfidence" : 0.006108977
      }, {
        "latitudeE7" : 483101299,
        "longitudeE7" : 142994872,
        "placeId" : "ChIJpQD7foaXc0cRN8v5tpD_B_c",
        "name" : "Rechtsanwaltskammer OÖ",
        "locationConfidence" : 0.0055195256
      } ],
      "editConfirmationStatus" : "NOT_CONFIRMED"
    }
  }, {
    "activitySegment" : {
      "startLocation" : {
        "latitudeE7" : 483113254,
        "longitudeE7" : 142991279
      },
      "endLocation" : {
        "latitudeE7" : 483292992,
        "longitudeE7" : 143203854
      },
      "duration" : {
        "startTimestampMs" : "1518198604836",
        "endTimestampMs" : "1518199073926"
      },
      "distance" : 2519,
      "activityType" : "IN_PASSENGER_VEHICLE",
      "confidence" : "HIGH",
      "activities" : [ {
        "activityType" : "IN_PASSENGER_VEHICLE",
        "probability" : 99.2219739972032
      }, {
        "activityType" : "WALKING",
        "probability" : 0.6931977445709818
      }, {
        "activityType" : "CYCLING",
        "probability" : 0.03218303939844567
      } ],
      "waypointPath" : {
        "waypoints" : [ {
          "latE7" : 483114242,
          "lngE7" : 142990121
        }, {
          "latE7" : 483293991,
          "lngE7" : 143204498
        } ]
      },
      "editConfirmationStatus" : "NOT_CONFIRMED",
      "parkingEvent" : {
        "timestampMs" : "1518199128195",
        "location" : {
          "latitudeE7" : 483295499,
          "longitudeE7" : 143193539,
          "accuracyMetres" : 20
        }
      }
    }
  }, {
    "placeVisit" : {
      "location" : {
        "latitudeE7" : 483292992,
        "longitudeE7" : 143203854,
        "placeId" : "ChIJCXJwZ7mXc0cRUq_AdvHWJio",
        "address" : "Freistädter Straße 313, 4040 Linz, Österreich",
        "name" : "Burger Checker",
        "sourceInfo" : {
          "deviceTag" : 1858679629
        },
        "locationConfidence" : 90.92387
      },
      "duration" : {
        "startTimestampMs" : "1518199073926",
        "endTimestampMs" : "1518199749931"
      },
      "placeConfidence" : "MEDIUM_CONFIDENCE",
      "centerLatE7" : 483292763,
      "centerLngE7" : 143203413,
      "visitConfidence" : 92,
      "otherCandidateLocations" : [ {
        "latitudeE7" : 483295100,
        "longitudeE7" : 143193780,
        "placeId" : "ChIJq-R3LkCYc0cRi3YLAPjzaZI",
        "name" : "Dynatrace Austria GmbH",
        "locationConfidence" : 6.4770355
      }, {
        "latitudeE7" : 483292014,
        "longitudeE7" : 143205557,
        "placeId" : "ChIJybNmhmqYc0cRNRAzTw2Ft3g",
        "name" : "China-Restaurant Goldener Hof",
        "locationConfidence" : 0.823443
      }, {
        "latitudeE7" : 483296490,
        "longitudeE7" : 143191069,
        "placeId" : "ChIJadpNLUCYc0cRhh8vcESdUu0",
        "name" : "SUBWAY Linz / Dornach",
        "locationConfidence" : 0.56070495
      }, {
        "latitudeE7" : 483295950,
        "longitudeE7" : 143193034,
        "placeId" : "ChIJq-R3LkCYc0cRlRBFk11_eaY",
        "name" : "Pizza Mann Urfahr",
        "locationConfidence" : 0.18841101
      }, {
        "latitudeE7" : 483296722,
        "longitudeE7" : 143189514,
        "placeId" : "ChIJ_Y7igGqYc0cRSW-sHiXj6hA",
        "name" : "Küche&Co Linz",
        "locationConfidence" : 0.13368519
      }, {
        "latitudeE7" : 483295004,
        "longitudeE7" : 143197653,
        "placeId" : "ChIJ9eY4epKXc0cR_uhCfpAS3HA",
        "name" : "GeneralAgentur Peter Holzbauer",
        "locationConfidence" : 0.09869422
      }, {
        "latitudeE7" : 483293362,
        "longitudeE7" : 143212348,
        "placeId" : "ChIJt8wCimqYc0cRpGKKI0pSi4A",
        "name" : "HABAKUK Lounge",
        "locationConfidence" : 0.0788901
      }, {
        "latitudeE7" : 483295004,
        "longitudeE7" : 143197653,
        "placeId" : "ChIJq-R3LkCYc0cRcizWwmqS48c",
        "name" : "Huber Heinrich GmbH",
        "locationConfidence" : 0.06725711
      }, {
        "latitudeE7" : 483294074,
        "longitudeE7" : 143199116,
        "placeId" : "ChIJS6tMLUCYc0cRergYIDsbG-s",
        "name" : "Sun Studio SunLounge Freistädter road",
        "locationConfidence" : 0.053755768
      } ],
      "editConfirmationStatus" : "NOT_CONFIRMED"
    }
  }, {
    "activitySegment" : {
      "startLocation" : {
        "latitudeE7" : 483118702,
        "longitudeE7" : 142985031
      },
      "endLocation" : {
        "latitudeE7" : 483015532,
        "longitudeE7" : 143211862
      },
      "duration" : {
        "startTimestampMs" : "1518373295000",
        "endTimestampMs" : "1518374449758"
      },
      "distance" : 7422,
      "activityType" : "IN_PASSENGER_VEHICLE",
      "confidence" : "HIGH",
      "activities" : [ {
        "activityType" : "IN_PASSENGER_VEHICLE",
        "probability" : 99.33833509209134
      }, {
        "activityType" : "WALKING",
        "probability" : 0.504481042271761
      }, {
        "activityType" : "CYCLING",
        "probability" : 0.06586393645553669
      } ],
      "waypointPath" : {
        "waypoints" : [ {
          "latE7" : 483117027,
          "lngE7" : 142987346
        }, {
          "latE7" : 483292388,
          "lngE7" : 143176736
        }, {
          "latE7" : 483017196,
          "lngE7" : 143210210
        } ]
      },
      "simplifiedRawPath" : {
        "points" : [ {
          "latE7" : 483292141,
          "lngE7" : 143178012,
          "timestampMs" : "1518373635000",
          "accuracyMeters" : 3
        } ]
      },
      "editConfirmationStatus" : "NOT_CONFIRMED"
    }
  }, {
    "placeVisit" : {
      "location" : {
        "latitudeE7" : 483012810,
        "longitudeE7" : 143214259,
        "placeId" : "ChIJPyvpIfqXc0cRQ6ss53b4_Mk",
        "address" : "Prinz-Eugen-Straße 22, 4020 Linz, Österreich",
        "name" : "Cineplexx Linz",
        "sourceInfo" : {
          "deviceTag" : 1858679629
        },
        "locationConfidence" : 98.10695
      },
      "duration" : {
        "startTimestampMs" : "1518374462914",
        "endTimestampMs" : "1518375809425"
      },
      "placeConfidence" : "HIGH_CONFIDENCE",
      "centerLatE7" : 483012314,
      "centerLngE7" : 143212086,
      "visitConfidence" : 94,
      "otherCandidateLocations" : [ {
        "latitudeE7" : 483012048,
        "longitudeE7" : 143215233,
        "placeId" : "ChIJka-KJfqXc0cR4oBUCeLTQSk",
        "name" : "Lasertron",
        "locationConfidence" : 1.1241657
      }, {
        "latitudeE7" : 483011616,
        "longitudeE7" : 143211768,
        "placeId" : "ChIJPyvpIfqXc0cRzTPOdTo-MIE",
        "name" : "Maxwell´s Café Bar",
        "locationConfidence" : 0.22975269
      }, {
        "latitudeE7" : 483011616,
        "longitudeE7" : 143211768,
        "placeId" : "ChIJPyvpIfqXc0cRSha6QLFZyQo",
        "name" : "Restaurant Ciao & Jassu",
        "locationConfidence" : 0.1184872
      }, {
        "latitudeE7" : 483015052,
        "longitudeE7" : 143209015,
        "placeId" : "ChIJPyvpIfqXc0cRGgJgnJzG1kU",
        "name" : "Va Bene",
        "locationConfidence" : 0.11328825
      }, {
        "latitudeE7" : 483012767,
        "longitudeE7" : 143214296,
        "placeId" : "ChIJPyvpIfqXc0cRdVHngSYQVxU",
        "name" : "Sky Bar",
        "locationConfidence" : 0.10486932
      }, {
        "latitudeE7" : 483011616,
        "longitudeE7" : 143211768,
        "placeId" : "ChIJPyvpIfqXc0cR0yFrRAdu1OU",
        "name" : "Gabor Szabo",
        "locationConfidence" : 0.02998064
      }, {
        "latitudeE7" : 483011616,
        "longitudeE7" : 143211768,
        "placeId" : "ChIJPyvpIfqXc0cR6hB1l7XiY3k",
        "name" : "A.b.a. GmbH",
        "locationConfidence" : 0.02759972
      }, {
        "latitudeE7" : 483013081,
        "longitudeE7" : 143212522,
        "placeId" : "ChIJtZw7IPqXc0cRhHEHfCR9fvY",
        "locationConfidence" : 0.021043036
      }, {
        "latitudeE7" : 482997398,
        "longitudeE7" : 143194339,
        "placeId" : "ChIJQ2_xdvqXc0cRZqrFJZKnRAE",
        "name" : "INTERSPAR",
        "locationConfidence" : 0.016216315
      } ],
      "editConfirmationStatus" : "NOT_CONFIRMED"
    }
  }, {
    "activitySegment" : {
      "startLocation" : {
        "latitudeE7" : 481532530,
        "longitudeE7" : 137337670
      },
      "endLocation" : {
        "latitudeE7" : 483115716,
        "longitudeE7" : 142991294
      },
      "duration" : {
        "startTimestampMs" : "1518621697000",
        "endTimestampMs" : "1518625025862"
      },
      "distance" : 69373,
      "activityType" : "IN_PASSENGER_VEHICLE",
      "confidence" : "HIGH",
      "activities" : [ {
        "activityType" : "IN_PASSENGER_VEHICLE",
        "probability" : 99.60530102907558
      }, {
        "activityType" : "WALKING",
        "probability" : 0.29311060413506707
      }, {
        "activityType" : "FLYING",
        "probability" : 0.027742593056778557
      } ],
      "waypointPath" : {
        "waypoints" : [ {
          "latE7" : 481532592,
          "lngE7" : 137337579
        }, {
          "latE7" : 481750373,
          "lngE7" : 141159639
        }, {
          "latE7" : 483397178,
          "lngE7" : 141679639
        }, {
          "latE7" : 483161926,
          "lngE7" : 143045606
        }, {
          "latE7" : 483115158,
          "lngE7" : 142991933
        } ]
      },
      "simplifiedRawPath" : {
        "points" : [ {
          "latE7" : 483166993,
          "lngE7" : 143046548,
          "timestampMs" : "1518624788776",
          "accuracyMeters" : 82
        } ]
      },
      "editConfirmationStatus" : "NOT_CONFIRMED"
    }
  }, {
    "placeVisit" : {
      "location" : {
        "latitudeE7" : 483118388,
        "longitudeE7" : 142974149,
        "placeId" : "ChIJwQJoNiaYc0cRI4ezDbK8Xrk",
        "address" : "Peter-Behrens-Platz 11, 4020 Linz, Österreich",
        "name" : "Tabakfabrik Linz",
        "sourceInfo" : {
          "deviceTag" : 1858679629
        },
        "locationConfidence" : 99.342445
      },
      "duration" : {
        "startTimestampMs" : "1518625027030",
        "endTimestampMs" : "1518632321414"
      },
      "placeConfidence" : "HIGH_CONFIDENCE",
      "childVisits" : [ {
        "location" : {
          "latitudeE7" : 483114449,
          "longitudeE7" : 142988010,
          "placeId" : "ChIJHYbwtieYc0cRUXKt_VRBJ3o",
          "address" : "Peter-Behrens-Platz 10, 4020 Linz, Österreich",
          "name" : "factory300",
          "sourceInfo" : {
            "deviceTag" : 1858679629
          },
          "locationConfidence" : 94.68666
        },
        "duration" : {
          "startTimestampMs" : "1518625027030",
          "endTimestampMs" : "1518632321414"
        },
        "placeConfidence" : "HIGH_CONFIDENCE",
        "centerLatE7" : 483114910,
        "centerLngE7" : 142991586,
        "visitConfidence" : 95,
        "otherCandidateLocations" : [ {
          "latitudeE7" : 483114449,
          "longitudeE7" : 142988010,
          "placeId" : "ChIJHYbwtieYc0cRyxap_Lq93rs",
          "name" : "startup300",
          "locationConfidence" : 3.3907342
        }, {
          "latitudeE7" : 483120689,
          "longitudeE7" : 142988150,
          "placeId" : "ChIJXzuFNSaYc0cRouLiAU8XIyc",
          "name" : "Tabakfabrik Linz",
          "locationConfidence" : 0.19449301
        }, {
          "latitudeE7" : 483119163,
          "longitudeE7" : 142994045,
          "placeId" : "ChIJQ60vTSaYc0cRSP5edO-N7Ro",
          "name" : "Gerstäcker Linz GmbH",
          "locationConfidence" : 0.16982153
        }, {
          "latitudeE7" : 483118388,
          "longitudeE7" : 142993846,
          "placeId" : "ChIJ-6pOxZyXc0cRv3PaIwQmvUk",
          "name" : "B7 cycling center Linz",
          "locationConfidence" : 0.11968731
        }, {
          "latitudeE7" : 483107863,
          "longitudeE7" : 142985719,
          "placeId" : "ChIJSzLzwCeYc0cRgsNk5A4q_G4",
          "name" : "Dr. med. univ . Sabine Holzinger, Wahlärztin",
          "locationConfidence" : 0.051506046
        }, {
          "latitudeE7" : 483106098,
          "longitudeE7" : 142989398,
          "placeId" : "ChIJizNXvSeYc0cRhYRvYhoXTSg",
          "name" : "Today Experts Oberösterreich GmbH",
          "locationConfidence" : 0.047657825
        }, {
          "latitudeE7" : 483108098,
          "longitudeE7" : 142987435,
          "placeId" : "ChIJR83XlyeYc0cRi1gF5Jk6PM4",
          "name" : "Wahlarztordination Dr. med. univ. Thomas Ginsel, MSc",
          "locationConfidence" : 0.040850915
        }, {
          "latitudeE7" : 483101299,
          "longitudeE7" : 142994872,
          "placeId" : "ChIJpQD7foaXc0cRN8v5tpD_B_c",
          "name" : "Rechtsanwaltskammer OÖ",
          "locationConfidence" : 0.036069535
        }, {
          "latitudeE7" : 483106815,
          "longitudeE7" : 142987258,
          "placeId" : "ChIJV0rsapCXc0cRAyTA8nfkrzY",
          "name" : "ZOE",
          "locationConfidence" : 0.032807954
        } ],
        "editConfirmationStatus" : "NOT_CONFIRMED"
      } ],
      "centerLatE7" : 483114910,
      "centerLngE7" : 142991586,
      "visitConfidence" : 95,
      "otherCandidateLocations" : [ {
        "latitudeE7" : 483107863,
        "longitudeE7" : 142985719,
        "placeId" : "ChIJSzLzwCeYc0cRgsNk5A4q_G4",
        "name" : "Dr. med. univ . Sabine Holzinger, Wahlärztin",
        "locationConfidence" : 0.054038618
      }, {
        "latitudeE7" : 483106098,
        "longitudeE7" : 142989398,
        "placeId" : "ChIJizNXvSeYc0cRhYRvYhoXTSg",
        "name" : "Today Experts Oberösterreich GmbH",
        "locationConfidence" : 0.050001178
      }, {
        "latitudeE7" : 483108098,
        "longitudeE7" : 142987435,
        "placeId" : "ChIJR83XlyeYc0cRi1gF5Jk6PM4",
        "name" : "Wahlarztordination Dr. med. univ. Thomas Ginsel, MSc",
        "locationConfidence" : 0.04285957
      }, {
        "latitudeE7" : 483101299,
        "longitudeE7" : 142994872,
        "placeId" : "ChIJpQD7foaXc0cRN8v5tpD_B_c",
        "name" : "Rechtsanwaltskammer OÖ",
        "locationConfidence" : 0.037843086
      }, {
        "latitudeE7" : 483106815,
        "longitudeE7" : 142987258,
        "placeId" : "ChIJV0rsapCXc0cRAyTA8nfkrzY",
        "name" : "ZOE",
        "locationConfidence" : 0.034421135
      }, {
        "latitudeE7" : 483107370,
        "longitudeE7" : 142984810,
        "placeId" : "ChIJHRVKUIWXc0cRdHe_J9ybNPA",
        "name" : "Wahlarztordination Dr. Gudrun Piribauer-Döberl",
        "locationConfidence" : 0.034062557
      }, {
        "latitudeE7" : 483097840,
        "longitudeE7" : 142996070,
        "placeId" : "ChIJD1JIeCeYc0cRiAt_lMKC4YI",
        "name" : "Sonnenstudio Dream.Sun",
        "locationConfidence" : 0.019235656
      }, {
        "latitudeE7" : 483096916,
        "longitudeE7" : 142987671,
        "placeId" : "ChIJH-SOhSeYc0cRweqHQUdExRQ",
        "name" : "Oberlandesgericht Linz",
        "locationConfidence" : 0.016048657
      }, {
        "latitudeE7" : 483097552,
        "longitudeE7" : 142995803,
        "placeId" : "ChIJD1JIeCeYc0cRWiY83bMDxXk",
        "name" : "Dr Hartl Johannes",
        "locationConfidence" : 0.015624472
      } ],
      "editConfirmationStatus" : "NOT_CONFIRMED"
    }
  }, {
    "activitySegment" : {
      "startLocation" : {
        "latitudeE7" : 483114978,
        "longitudeE7" : 142991840
      },
      "endLocation" : {
        "latitudeE7" : 482683241,
        "longitudeE7" : 142520922
      },
      "duration" : {
        "startTimestampMs" : "1518632321414",
        "endTimestampMs" : "1518633229972"
      },
      "distance" : 7771,
      "activityType" : "IN_PASSENGER_VEHICLE",
      "confidence" : "HIGH",
      "activities" : [ {
        "activityType" : "IN_PASSENGER_VEHICLE",
        "probability" : 99.37222700182487
      }, {
        "activityType" : "WALKING",
        "probability" : 0.5263060457622827
      }, {
        "activityType" : "BOATING",
        "probability" : 0.025348119608816732
      } ],
      "waypointPath" : {
        "waypoints" : [ {
          "latE7" : 483115081,
          "lngE7" : 142991733
        }, {
          "latE7" : 482817916,
          "lngE7" : 142842273
        }, {
          "latE7" : 482679138,
          "lngE7" : 142523374
        } ]
      },
      "editConfirmationStatus" : "NOT_CONFIRMED",
      "parkingEvent" : {
        "timestampMs" : "1518633177882",
        "location" : {
          "latitudeE7" : 482693472,
          "longitudeE7" : 142569143,
          "accuracyMetres" : 59
        }
      }
    }
  }, {
    "placeVisit" : {
      "location" : {
        "latitudeE7" : 482684404,
        "longitudeE7" : 142515486,
        "placeId" : "ChIJZ4P2lvuWc0cRN2ZzWjllsvI",
        "address" : "Limesstraße 12-14, A-4060 Leonding, Österreich",
        "name" : "HTBLA Leonding",
        "sourceInfo" : {
          "deviceTag" : 1858679629
        },
        "locationConfidence" : 71.24278
      },
      "duration" : {
        "startTimestampMs" : "1518633229972",
        "endTimestampMs" : "1518637610840"
      },
      "placeConfidence" : "MEDIUM_CONFIDENCE",
      "centerLatE7" : 482682098,
      "centerLngE7" : 142516095,
      "visitConfidence" : 96,
      "otherCandidateLocations" : [ {
        "latitudeE7" : 482684404,
        "longitudeE7" : 142515486,
        "placeId" : "ChIJu8VTlvuWc0cRAdBaqvnfxR8",
        "semanticType" : "TYPE_SEARCHED_ADDRESS",
        "locationConfidence" : 28.491732
      }, {
        "latitudeE7" : 482669730,
        "longitudeE7" : 142522932,
        "placeId" : "ChIJxS5WzfuWc0cRdwrsPHOFPJc",
        "name" : "Freibad Leonding",
        "locationConfidence" : 0.17164683
      }, {
        "latitudeE7" : 482668856,
        "longitudeE7" : 142524509,
        "placeId" : "ChIJv4IoLfqWc0cRh8e3BOIeReE",
        "name" : "Freizeitanlage Kürnberg (Freibad, Eislaufplatz, Eisstockbahnen)",
        "locationConfidence" : 0.023862943
      }, {
        "latitudeE7" : 482660101,
        "longitudeE7" : 142559271,
        "placeId" : "ChIJ_ZT6uPmWc0cR-zdj2WWGqSU",
        "name" : "Volksschule Hart",
        "locationConfidence" : 0.01632844
      }, {
        "latitudeE7" : 482663969,
        "longitudeE7" : 142537479,
        "placeId" : "ChIJv4IoLfqWc0cRHgHomLqSMOk",
        "name" : "Restaurant Kürnberghalle",
        "locationConfidence" : 0.010962814
      }, {
        "latitudeE7" : 482673187,
        "longitudeE7" : 142520037,
        "placeId" : "ChIJUzVRyfuWc0cRfXyaJkRFV7A",
        "name" : "Kürnberg Erlebnisbad",
        "locationConfidence" : 0.00799925
      }, {
        "latitudeE7" : 482682059,
        "longitudeE7" : 142546463,
        "placeId" : "ChIJB1OsXPmWc0cRZrNaNRkbq-U",
        "locationConfidence" : 0.005458704
      }, {
        "latitudeE7" : 482684404,
        "longitudeE7" : 142515486,
        "placeId" : "ChIJu8VTlvuWc0cRmuz3gbXY5vU",
        "name" : "Olga Jelinek",
        "locationConfidence" : 0.004877092
      }, {
        "latitudeE7" : 482681614,
        "longitudeE7" : 142558799,
        "placeId" : "ChIJf8bNOPmWc0cRWgNwbgynGYY",
        "name" : "Arbor Handels GmbH",
        "locationConfidence" : 0.0030132248
      } ],
      "editConfirmationStatus" : "NOT_CONFIRMED"
    }
  }, {
    "activitySegment" : {
      "startLocation" : {
        "latitudeE7" : 482684404,
        "longitudeE7" : 142515486
      },
      "endLocation" : {
        "latitudeE7" : 480679588,
        "longitudeE7" : 137838583
      },
      "duration" : {
        "startTimestampMs" : "1518637610840",
        "endTimestampMs" : "1518640408173"
      },
      "distance" : 51436,
      "activityType" : "IN_PASSENGER_VEHICLE",
      "confidence" : "HIGH",
      "activities" : [ {
        "activityType" : "IN_PASSENGER_VEHICLE",
        "probability" : 99.58370995245423
      }, {
        "activityType" : "WALKING",
        "probability" : 0.32454325570911613
      }, {
        "activityType" : "CYCLING",
        "probability" : 0.016462186452707268
      } ],
      "waypointPath" : {
        "waypoints" : [ {
          "latE7" : 482678375,
          "lngE7" : 142517127
        }, {
          "latE7" : 480264587,
          "lngE7" : 137912597
        }, {
          "latE7" : 480678100,
          "lngE7" : 137838659
        } ]
      },
      "editConfirmationStatus" : "NOT_CONFIRMED",
      "parkingEvent" : {
        "timestampMs" : "1518640408173",
        "location" : {
          "latitudeE7" : 480679588,
          "longitudeE7" : 137838583,
          "accuracyMetres" : 19
        }
      }
    }
  }, {
    "placeVisit" : {
      "location" : {
        "latitudeE7" : 480679588,
        "longitudeE7" : 137838583,
        "placeId" : "ChIJ4cyudOf3c0cRzoGC4MxnR18",
        "address" : "Schlatt 7\n4691 Schlatt\nÖsterreich",
        "name" : "Schlatt 7",
        "sourceInfo" : {
          "deviceTag" : 1858679629
        },
        "locationConfidence" : 94.28539
      },
      "duration" : {
        "startTimestampMs" : "1518640408173",
        "endTimestampMs" : "1518642043508"
      },
      "placeConfidence" : "HIGH_CONFIDENCE",
      "centerLatE7" : 480679033,
      "centerLngE7" : 137838200,
      "visitConfidence" : 86,
      "otherCandidateLocations" : [ {
        "latitudeE7" : 480676107,
        "longitudeE7" : 137840637,
        "placeId" : "ChIJfetMp-f3c0cRNQ8GhJAcjJg",
        "semanticType" : "TYPE_SEARCHED_ADDRESS",
        "locationConfidence" : 5.1643305
      }, {
        "latitudeE7" : 480695220,
        "longitudeE7" : 137868153,
        "placeId" : "ChIJp0zQQt33c0cR-wO_2GAOjjc",
        "name" : "Gemüsehof Niedermaier",
        "locationConfidence" : 0.23424214
      }, {
        "latitudeE7" : 480768456,
        "longitudeE7" : 137731357,
        "placeId" : "ChIJG92JBicIdEcRUE76vQOPBUA",
        "name" : "Geißlholz",
        "locationConfidence" : 0.110642426
      }, {
        "latitudeE7" : 480680117,
        "longitudeE7" : 137800141,
        "placeId" : "ChIJaapsz-D3c0cRH0cs5FolonU",
        "locationConfidence" : 0.0675612
      }, {
        "latitudeE7" : 480695231,
        "longitudeE7" : 137868168,
        "placeId" : "ChIJZ07QQt33c0cR0qYKZZ9jZLs",
        "locationConfidence" : 0.03638237
      }, {
        "latitudeE7" : 480695231,
        "longitudeE7" : 137868168,
        "placeId" : "ChIJZ07QQt33c0cR2TxtGNeAUtk",
        "locationConfidence" : 0.03533163
      }, {
        "latitudeE7" : 480680117,
        "longitudeE7" : 137800141,
        "placeId" : "ChIJaapsz-D3c0cRM2QiSjx775A",
        "locationConfidence" : 0.034717277
      }, {
        "latitudeE7" : 468876191,
        "longitudeE7" : 96569996,
        "placeId" : "ChIJUb40tZ9FiUcRfcV01tx_jAM",
        "name" : "Alps",
        "locationConfidence" : 0.031400666
      } ],
      "editConfirmationStatus" : "NOT_CONFIRMED"
    }
  }, {
    "activitySegment" : {
      "startLocation" : {
        "latitudeE7" : 480679033,
        "longitudeE7" : 137838200
      },
      "endLocation" : {
        "latitudeE7" : 482629275,
        "longitudeE7" : 132968085
      },
      "duration" : {
        "startTimestampMs" : "1518642043508",
        "endTimestampMs" : "1519117023430"
      },
      "activityType" : "UNKNOWN_ACTIVITY_TYPE",
      "activities" : [ {
        "activityType" : "UNKNOWN_ACTIVITY_TYPE",
        "probability" : 0.0
      } ],
      "simplifiedRawPath" : {
        "points" : [ {
          "latE7" : 482643819,
          "lngE7" : 133008451,
          "timestampMs" : "1519116993000",
          "accuracyMeters" : 3
        } ]
      }
    }
  }, {
    "placeVisit" : {
      "location" : {
        "latitudeE7" : 482629395,
        "longitudeE7" : 132964323,
        "placeId" : "ChIJ3Qyvs6M4dEcRLR1nbTqfPgE",
        "address" : "Thermenstraße 1, 4943 Geinberg, Österreich",
        "name" : "Therme Geinberg",
        "sourceInfo" : {
          "deviceTag" : 1858679629
        },
        "locationConfidence" : 99.62477
      },
      "duration" : {
        "startTimestampMs" : "1519117023430",
        "endTimestampMs" : "1519134795149"
      },
      "placeConfidence" : "HIGH_CONFIDENCE",
      "centerLatE7" : 482629275,
      "centerLngE7" : 132968085,
      "visitConfidence" : 87,
      "otherCandidateLocations" : [ {
        "latitudeE7" : 482640088,
        "longitudeE7" : 132987916,
        "placeId" : "ChIJUXoufaE4dEcRg7SMI5ODJAo",
        "name" : "Italiener",
        "locationConfidence" : 0.062474966
      }, {
        "latitudeE7" : 482637383,
        "longitudeE7" : 132958678,
        "placeId" : "ChIJIVghGaI4dEcRVfiR-McCvR8",
        "name" : "Gemeindekindergarten",
        "locationConfidence" : 0.041612417
      }, {
        "latitudeE7" : 482604097,
        "longitudeE7" : 132976232,
        "placeId" : "ChIJ-XTfgaQ4dEcRl4-pCca9RVM",
        "name" : "Jagdkapelle",
        "locationConfidence" : 0.032071546
      }, {
        "latitudeE7" : 482622605,
        "longitudeE7" : 132942786,
        "placeId" : "ChIJbT2Ue6I4dEcRszCyWCBNsXU",
        "name" : "Sports & More Halle",
        "locationConfidence" : 0.030977858
      } ],
      "editConfirmationStatus" : "NOT_CONFIRMED"
    }
  }, {
    "activitySegment" : {
      "startLocation" : {
        "latitudeE7" : 482629275,
        "longitudeE7" : 132968085
      },
      "endLocation" : {
        "latitudeE7" : 472580123,
        "longitudeE7" : 114116857
      },
      "duration" : {
        "startTimestampMs" : "1519134795149",
        "endTimestampMs" : "1519460467535"
      },
      "activityType" : "UNKNOWN_ACTIVITY_TYPE",
      "activities" : [ {
        "activityType" : "UNKNOWN_ACTIVITY_TYPE",
        "probability" : 0.0
      } ],
      "simplifiedRawPath" : {
        "points" : [ {
          "latE7" : 472577286,
          "lngE7" : 114121313,
          "timestampMs" : "1519460005982",
          "accuracyMeters" : 26
        }, {
          "latE7" : 472577500,
          "lngE7" : 114114059,
          "timestampMs" : "1519460262113",
          "accuracyMeters" : 22
        }, {
          "latE7" : 472583619,
          "lngE7" : 114117538,
          "timestampMs" : "1519460323729",
          "accuracyMeters" : 54
        } ]
      }
    }
  }, {
    "activitySegment" : {
      "startLocation" : {
        "latitudeE7" : 472580123,
        "longitudeE7" : 114116857
      },
      "endLocation" : {
        "latitudeE7" : 472570314,
        "longitudeE7" : 113564361
      },
      "duration" : {
        "startTimestampMs" : "1519460467535",
        "endTimestampMs" : "1519464110315"
      },
      "distance" : 4139,
      "activityType" : "IN_PASSENGER_VEHICLE",
      "confidence" : "HIGH",
      "activities" : [ {
        "activityType" : "IN_PASSENGER_VEHICLE",
        "probability" : 95.14831218401777
      }, {
        "activityType" : "WALKING",
        "probability" : 3.1481392071808276
      }, {
        "activityType" : "IN_BUS",
        "probability" : 1.0186249841946775
      } ],
      "waypointPath" : {
        "waypoints" : [ {
          "latE7" : 472580223,
          "lngE7" : 114117221
        }, {
          "latE7" : 472573204,
          "lngE7" : 113568429
        } ]
      },
      "editConfirmationStatus" : "NOT_CONFIRMED"
    }
  }, {
    "activitySegment" : {
      "startLocation" : {
        "latitudeE7" : 472570388,
        "longitudeE7" : 113568494
      },
      "endLocation" : {
        "latitudeE7" : 472633542,
        "longitudeE7" : 113838006,
        "placeId" : "ChIJ78niEO5rnUcRHyH58gBfFVs",
        "address" : "Innrain 52, 6020 Innsbruck, Österreich",
        "name" : "University of Innsbruck",
        "sourceInfo" : {
          "deviceTag" : 1858679629
        },
        "locationConfidence" : 62.424732
      },
      "duration" : {
        "startTimestampMs" : "1519464110315",
        "endTimestampMs" : "1519464228712"
      },
      "activityType" : "WALKING",
      "confidence" : "MEDIUM",
      "activities" : [ {
        "activityType" : "WALKING",
        "probability" : 61.538597867638046
      }, {
        "activityType" : "IN_PASSENGER_VEHICLE",
        "probability" : 30.501548560983537
      }, {
        "activityType" : "IN_BUS",
        "probability" : 4.79980274324295
      } ],
      "waypointPath" : {
        "waypoints" : [ {
          "latE7" : 472570419,
          "lngE7" : 113569374
        }, {
          "latE7" : 472568359,
          "lngE7" : 113569641
        } ]
      },
      "editConfirmationStatus" : "NOT_CONFIRMED"
    }
  }, {
    "placeVisit" : {
      "location" : {
        "latitudeE7" : 472633542,
        "longitudeE7" : 113838006,
        "placeId" : "ChIJ78niEO5rnUcRHyH58gBfFVs",
        "address" : "Innrain 52, 6020 Innsbruck, Österreich",
        "name" : "University of Innsbruck",
        "sourceInfo" : {
          "deviceTag" : 1858679629
        },
        "locationConfidence" : 62.424732
      },
      "duration" : {
        "startTimestampMs" : "1519464228712",
        "endTimestampMs" : "1519464862368"
      },
      "placeConfidence" : "LOW_CONFIDENCE",
      "childVisits" : [ {
        "location" : {
          "latitudeE7" : 472565749,
          "longitudeE7" : 113547422,
          "placeId" : "ChIJZW79TKJrnUcRCxpxRt9LG68",
          "address" : "6020 Innsbruck, Österreich",
          "name" : "Universität Innsbruck - Campus Sport",
          "sourceInfo" : {
            "deviceTag" : 1858679629
          },
          "locationConfidence" : 38.432354
        },
        "duration" : {
          "startTimestampMs" : "1519464228712",
          "endTimestampMs" : "1519464862368"
        },
        "placeConfidence" : "LOW_CONFIDENCE",
        "centerLatE7" : 472573355,
        "centerLngE7" : 113568941,
        "visitConfidence" : 88,
        "otherCandidateLocations" : [ {
          "latitudeE7" : 472576489,
          "longitudeE7" : 113513075,
          "placeId" : "ChIJRdBNVHVrnUcRGT-I40h8Q1k",
          "name" : "Innsbruck Airport",
          "locationConfidence" : 10.549121
        }, {
          "latitudeE7" : 472579854,
          "longitudeE7" : 113558078,
          "placeId" : "ChIJhRsBe6JrnUcR-be-3osOvw4",
          "name" : "Burkia",
          "locationConfidence" : 7.2247677
        }, {
          "latitudeE7" : 472575690,
          "longitudeE7" : 113561690,
          "placeId" : "ChIJ-aAxYKJrnUcRVl-ijYRZYks",
          "name" : "Air Business Cooperation GmbH",
          "locationConfidence" : 0.9318978
        }, {
          "latitudeE7" : 472580469,
          "longitudeE7" : 113560978,
          "placeId" : "ChIJhRsBe6JrnUcRSi6ptz3pVIY",
          "name" : "Tennis & Squash Hallen Penz GmbH",
          "locationConfidence" : 0.8982205
        }, {
          "latitudeE7" : 472575690,
          "longitudeE7" : 113561690,
          "placeId" : "ChIJ-aAxYKJrnUcRTzTX0ybvMQI",
          "name" : "Denz Travel Services GesmbH",
          "locationConfidence" : 0.7056068
        }, {
          "latitudeE7" : 472575690,
          "longitudeE7" : 113561690,
          "placeId" : "ChIJ-aAxYKJrnUcRpSznN9RTsiI",
          "name" : "Fly Tyrol ABC Bedarfsflug GmbH",
          "locationConfidence" : 0.4094427
        }, {
          "latitudeE7" : 472697370,
          "longitudeE7" : 113984230,
          "placeId" : "ChIJAXzzfP5rnUcRz9eHCuRk_2Y",
          "name" : "SoWi-Holding",
          "locationConfidence" : 0.4043733
        }, {
          "latitudeE7" : 472578059,
          "longitudeE7" : 113551768,
          "placeId" : "ChIJ1ePEbaJrnUcRhohA9R4M120",
          "name" : "Studentenheim der Wist Dr. Hertha Firnberg",
          "locationConfidence" : 0.3599102
        }, {
          "latitudeE7" : 472575947,
          "longitudeE7" : 113553515,
          "placeId" : "ChIJHTO3aaJrnUcR_fWXyIcKXOQ",
          "name" : "Wist Service KG",
          "locationConfidence" : 0.34745017
        } ],
        "editConfirmationStatus" : "NOT_CONFIRMED"
      } ],
      "centerLatE7" : 472573355,
      "centerLngE7" : 113568941,
      "visitConfidence" : 88,
      "otherCandidateLocations" : [ {
        "latitudeE7" : 472576489,
        "longitudeE7" : 113513075,
        "placeId" : "ChIJRdBNVHVrnUcRGT-I40h8Q1k",
        "name" : "Innsbruck Airport",
        "locationConfidence" : 17.134678
      }, {
        "latitudeE7" : 472579854,
        "longitudeE7" : 113558078,
        "placeId" : "ChIJhRsBe6JrnUcR-be-3osOvw4",
        "name" : "Burkia",
        "locationConfidence" : 11.735013
      }, {
        "latitudeE7" : 472575690,
        "longitudeE7" : 113561690,
        "placeId" : "ChIJ-aAxYKJrnUcRVl-ijYRZYks",
        "name" : "Air Business Cooperation GmbH",
        "locationConfidence" : 1.5136588
      }, {
        "latitudeE7" : 472580469,
        "longitudeE7" : 113560978,
        "placeId" : "ChIJhRsBe6JrnUcRSi6ptz3pVIY",
        "name" : "Tennis & Squash Hallen Penz GmbH",
        "locationConfidence" : 1.4589576
      }, {
        "latitudeE7" : 472575690,
        "longitudeE7" : 113561690,
        "placeId" : "ChIJ-aAxYKJrnUcRTzTX0ybvMQI",
        "name" : "Denz Travel Services GesmbH",
        "locationConfidence" : 1.1460999
      }, {
        "latitudeE7" : 472575690,
        "longitudeE7" : 113561690,
        "placeId" : "ChIJ-aAxYKJrnUcRpSznN9RTsiI",
        "name" : "Fly Tyrol ABC Bedarfsflug GmbH",
        "locationConfidence" : 0.66504776
      }, {
        "latitudeE7" : 472697370,
        "longitudeE7" : 113984230,
        "placeId" : "ChIJAXzzfP5rnUcRz9eHCuRk_2Y",
        "name" : "SoWi-Holding",
        "locationConfidence" : 0.6568136
      }, {
        "latitudeE7" : 472578059,
        "longitudeE7" : 113551768,
        "placeId" : "ChIJ1ePEbaJrnUcRhohA9R4M120",
        "name" : "Studentenheim der Wist Dr. Hertha Firnberg",
        "locationConfidence" : 0.5845933
      }, {
        "latitudeE7" : 472575947,
        "longitudeE7" : 113553515,
        "placeId" : "ChIJHTO3aaJrnUcR_fWXyIcKXOQ",
        "name" : "Wist Service KG",
        "locationConfidence" : 0.5643548
      } ],
      "editConfirmationStatus" : "NOT_CONFIRMED",
      "simplifiedRawPath" : {
        "points" : [ {
          "latE7" : 472572652,
          "lngE7" : 113563533,
          "timestampMs" : "1519464337143",
          "accuracyMeters" : 25
        }, {
          "latE7" : 472568088,
          "lngE7" : 113565178,
          "timestampMs" : "1519464418199",
          "accuracyMeters" : 20
        }, {
          "latE7" : 472574364,
          "lngE7" : 113574748,
          "timestampMs" : "1519464558455",
          "accuracyMeters" : 24
        } ]
      }
    }
  } ]
}